[debug] [2025-09-07T22:11:55.482Z] ----------------------------------------------------------------------
[debug] [2025-09-07T22:11:55.486Z] Command:       /usr/local/bin/node /usr/local/bin/firebase deploy --only functions
[debug] [2025-09-07T22:11:55.487Z] CLI Version:   14.15.2
[debug] [2025-09-07T22:11:55.487Z] Platform:      darwin
[debug] [2025-09-07T22:11:55.487Z] Node Version:  v20.12.0
[debug] [2025-09-07T22:11:55.487Z] Time:          Sun Sep 07 2025 15:11:55 GMT-0700 (Mountain Standard Time)
[debug] [2025-09-07T22:11:55.487Z] ----------------------------------------------------------------------
[debug] 
[debug] [2025-09-07T22:11:55.583Z] > command requires scopes: ["email","openid","https://www.googleapis.com/auth/cloudplatformprojects.readonly","https://www.googleapis.com/auth/firebase","https://www.googleapis.com/auth/cloud-platform"]
[debug] [2025-09-07T22:11:55.583Z] > authorizing via signed-in user (huskerpackers@gmail.com)
[debug] [2025-09-07T22:11:55.583Z] [iam] checking project purgo-1374e for permissions ["cloudfunctions.functions.create","cloudfunctions.functions.delete","cloudfunctions.functions.get","cloudfunctions.functions.list","cloudfunctions.functions.update","cloudfunctions.operations.get","firebase.projects.get"]
[debug] [2025-09-07T22:11:55.584Z] Checked if tokens are valid: true, expires at: 1757285273645
[debug] [2025-09-07T22:11:55.584Z] Checked if tokens are valid: true, expires at: 1757285273645
[debug] [2025-09-07T22:11:55.584Z] >>> [apiv2][query] POST https://cloudresourcemanager.googleapis.com/v1/projects/purgo-1374e:testIamPermissions [none]
[debug] [2025-09-07T22:11:55.584Z] >>> [apiv2][(partial)header] POST https://cloudresourcemanager.googleapis.com/v1/projects/purgo-1374e:testIamPermissions x-goog-quota-user=projects/purgo-1374e
[debug] [2025-09-07T22:11:55.584Z] >>> [apiv2][body] POST https://cloudresourcemanager.googleapis.com/v1/projects/purgo-1374e:testIamPermissions {"permissions":["cloudfunctions.functions.create","cloudfunctions.functions.delete","cloudfunctions.functions.get","cloudfunctions.functions.list","cloudfunctions.functions.update","cloudfunctions.operations.get","firebase.projects.get"]}
[debug] [2025-09-07T22:11:55.932Z] <<< [apiv2][status] POST https://cloudresourcemanager.googleapis.com/v1/projects/purgo-1374e:testIamPermissions 200
[debug] [2025-09-07T22:11:55.933Z] <<< [apiv2][body] POST https://cloudresourcemanager.googleapis.com/v1/projects/purgo-1374e:testIamPermissions {"permissions":["cloudfunctions.functions.create","cloudfunctions.functions.delete","cloudfunctions.functions.get","cloudfunctions.functions.list","cloudfunctions.functions.update","cloudfunctions.operations.get","firebase.projects.get"]}
[debug] [2025-09-07T22:11:55.933Z] Checked if tokens are valid: true, expires at: 1757285273645
[debug] [2025-09-07T22:11:55.933Z] Checked if tokens are valid: true, expires at: 1757285273645
[debug] [2025-09-07T22:11:55.934Z] >>> [apiv2][query] POST https://iam.googleapis.com/v1/projects/purgo-1374e/serviceAccounts/purgo-1374e@appspot.gserviceaccount.com:testIamPermissions [none]
[debug] [2025-09-07T22:11:55.934Z] >>> [apiv2][body] POST https://iam.googleapis.com/v1/projects/purgo-1374e/serviceAccounts/purgo-1374e@appspot.gserviceaccount.com:testIamPermissions {"permissions":["iam.serviceAccounts.actAs"]}
[debug] [2025-09-07T22:11:56.407Z] <<< [apiv2][status] POST https://iam.googleapis.com/v1/projects/purgo-1374e/serviceAccounts/purgo-1374e@appspot.gserviceaccount.com:testIamPermissions 404
[debug] [2025-09-07T22:11:56.408Z] <<< [apiv2][body] POST https://iam.googleapis.com/v1/projects/purgo-1374e/serviceAccounts/purgo-1374e@appspot.gserviceaccount.com:testIamPermissions {"error":{"code":404,"message":"Unknown service account","status":"NOT_FOUND"}}
[debug] [2025-09-07T22:11:56.408Z] [functions] service account IAM check errored, deploy may fail: Request to https://iam.googleapis.com/v1/projects/purgo-1374e/serviceAccounts/purgo-1374e@appspot.gserviceaccount.com:testIamPermissions had HTTP Error: 404, Unknown service account {"name":"FirebaseError","children":[],"context":{"body":{"error":{"code":404,"message":"Unknown service account","status":"NOT_FOUND"}},"response":{"statusCode":404}},"exit":1,"message":"Request to https://iam.googleapis.com/v1/projects/purgo-1374e/serviceAccounts/purgo-1374e@appspot.gserviceaccount.com:testIamPermissions had HTTP Error: 404, Unknown service account","status":404}
[info] 
[info] === Deploying to 'purgo-1374e'...
[info] 
[info] i  deploying functions 
[info] Running command: npm --prefix "$RESOURCE_DIR" run lint
[info] ✔  functions: Finished running predeploy script. 
[debug] [2025-09-07T22:11:57.014Z] Checked if tokens are valid: true, expires at: 1757285273645
[debug] [2025-09-07T22:11:57.014Z] Checked if tokens are valid: true, expires at: 1757285273645
[debug] [2025-09-07T22:11:57.014Z] >>> [apiv2][query] GET https://cloudresourcemanager.googleapis.com/v1/projects/purgo-1374e [none]
[debug] [2025-09-07T22:11:57.111Z] <<< [apiv2][status] GET https://cloudresourcemanager.googleapis.com/v1/projects/purgo-1374e 200
[debug] [2025-09-07T22:11:57.111Z] <<< [apiv2][body] GET https://cloudresourcemanager.googleapis.com/v1/projects/purgo-1374e {"projectNumber":"658074709437","projectId":"purgo-1374e","lifecycleState":"ACTIVE","name":"Purgo","labels":{"firebase":"enabled","firebase-core":"disabled"},"createTime":"2025-09-03T05:10:42.589336Z"}
[info] i  functions: preparing codebase default for deployment 
[info] i  functions: ensuring required API cloudfunctions.googleapis.com is enabled... 
[info] i  functions: ensuring required API cloudbuild.googleapis.com is enabled... 
[info] i  artifactregistry: ensuring required API artifactregistry.googleapis.com is enabled... 
[debug] [2025-09-07T22:11:57.112Z] Checked if tokens are valid: true, expires at: 1757285273645
[debug] [2025-09-07T22:11:57.112Z] Checked if tokens are valid: true, expires at: 1757285273645
[debug] [2025-09-07T22:11:57.113Z] >>> [apiv2][query] GET https://firebase.googleapis.com/v1beta1/projects/purgo-1374e/adminSdkConfig [none]
[debug] [2025-09-07T22:11:57.307Z] <<< [apiv2][status] GET https://firebase.googleapis.com/v1beta1/projects/purgo-1374e/adminSdkConfig 200
[debug] [2025-09-07T22:11:57.307Z] <<< [apiv2][body] GET https://firebase.googleapis.com/v1beta1/projects/purgo-1374e/adminSdkConfig {"projectId":"purgo-1374e","storageBucket":"purgo-1374e.firebasestorage.app"}
[debug] [2025-09-07T22:11:57.308Z] Checked if tokens are valid: true, expires at: 1757285273645
[debug] [2025-09-07T22:11:57.308Z] Checked if tokens are valid: true, expires at: 1757285273645
[debug] [2025-09-07T22:11:57.308Z] >>> [apiv2][query] GET https://runtimeconfig.googleapis.com/v1beta1/projects/purgo-1374e/configs [none]
[debug] [2025-09-07T22:11:57.584Z] <<< [apiv2][status] GET https://runtimeconfig.googleapis.com/v1beta1/projects/purgo-1374e/configs 200
[debug] [2025-09-07T22:11:57.585Z] <<< [apiv2][body] GET https://runtimeconfig.googleapis.com/v1beta1/projects/purgo-1374e/configs {}
[debug] [2025-09-07T22:11:57.586Z] Validating nodejs source
[warn] ⚠  functions: Runtime Node.js 18 was deprecated on 2025-04-30 and will be decommissioned on 2025-10-30, after which you will not be able to deploy without upgrading. Consider upgrading now to avoid disruption. See https://cloud.google.com/functions/docs/runtime-support for full details on the lifecycle policy 
[debug] [2025-09-07T22:11:57.976Z] > [functions] package.json contents: {
  "name": "functions",
  "description": "Cloud Functions for Firebase",
  "scripts": {
    "lint": "eslint .",
    "serve": "firebase emulators:start --only functions",
    "shell": "firebase functions:shell",
    "start": "npm run shell",
    "deploy": "firebase deploy --only functions",
    "logs": "firebase functions:log"
  },
  "engines": {
    "node": "22"
  },
  "main": "index.js",
  "dependencies": {
    "firebase-admin": "^12.7.0",
    "firebase-functions": "^6.4.0",
    "node-cron": "^4.2.1"
  },
  "devDependencies": {
    "eslint": "^8.15.0",
    "eslint-config-google": "^0.14.0",
    "firebase-functions-test": "^3.1.0"
  },
  "private": true
}
[debug] [2025-09-07T22:11:57.976Z] Building nodejs source
[info] i  functions: Loading and analyzing source code for codebase default to determine what to deploy 
[debug] [2025-09-07T22:11:57.977Z] Could not find functions.yaml. Must use http discovery
[debug] [2025-09-07T22:11:57.983Z] Found firebase-functions binary at '/Users/maxdanley/Desktop/Purgo/functions/node_modules/.bin/firebase-functions'
[info] Serving at port 8125

[debug] [2025-09-07T22:11:58.246Z] Got response from /__/functions.yaml {"endpoints":{"sendNotification":{"availableMemoryMb":null,"timeoutSeconds":null,"minInstances":null,"maxInstances":10,"ingressSettings":null,"concurrency":null,"serviceAccountEmail":null,"vpc":null,"platform":"gcfv2","labels":{},"eventTrigger":{"eventType":"google.cloud.firestore.document.v1.created","eventFilters":{"database":"(default)","namespace":"(default)"},"eventFilterPathPatterns":{"document":"notifications/{notificationId}"},"retry":false},"entryPoint":"sendNotification"},"weeklyLeaderboardNotifications":{"availableMemoryMb":null,"timeoutSeconds":null,"minInstances":null,"maxInstances":10,"ingressSettings":null,"concurrency":null,"serviceAccountEmail":null,"vpc":null,"platform":"gcfv2","labels":{},"scheduleTrigger":{"schedule":"0 0 * * 1","retryConfig":{},"timeZone":"UTC"},"entryPoint":"weeklyLeaderboardNotifications"},"monthlyLeaderboardNotifications":{"availableMemoryMb":null,"timeoutSeconds":null,"minInstances":null,"maxInstances":10,"ingressSettings":null,"concurrency":null,"serviceAccountEmail":null,"vpc":null,"platform":"gcfv2","labels":{},"scheduleTrigger":{"schedule":"0 0 1 * *","retryConfig":{},"timeZone":"UTC"},"entryPoint":"monthlyLeaderboardNotifications"}},"specVersion":"v1alpha1","requiredAPIs":[{"api":"cloudscheduler.googleapis.com","reason":"Needed for scheduled functions."}],"extensions":{}}
[info] i  extensions: ensuring required API firebaseextensions.googleapis.com is enabled... 
[debug] [2025-09-07T22:12:03.267Z] > command requires scopes: ["email","openid","https://www.googleapis.com/auth/cloudplatformprojects.readonly","https://www.googleapis.com/auth/firebase","https://www.googleapis.com/auth/cloud-platform"]
[debug] [2025-09-07T22:12:03.267Z] > authorizing via signed-in user (huskerpackers@gmail.com)
[debug] [2025-09-07T22:12:03.267Z] [iam] checking project purgo-1374e for permissions ["firebase.projects.get","firebaseextensions.instances.list"]
[debug] [2025-09-07T22:12:03.267Z] Checked if tokens are valid: true, expires at: 1757285273645
[debug] [2025-09-07T22:12:03.267Z] Checked if tokens are valid: true, expires at: 1757285273645
[debug] [2025-09-07T22:12:03.268Z] >>> [apiv2][query] POST https://cloudresourcemanager.googleapis.com/v1/projects/purgo-1374e:testIamPermissions [none]
[debug] [2025-09-07T22:12:03.268Z] >>> [apiv2][(partial)header] POST https://cloudresourcemanager.googleapis.com/v1/projects/purgo-1374e:testIamPermissions x-goog-quota-user=projects/purgo-1374e
[debug] [2025-09-07T22:12:03.268Z] >>> [apiv2][body] POST https://cloudresourcemanager.googleapis.com/v1/projects/purgo-1374e:testIamPermissions {"permissions":["firebase.projects.get","firebaseextensions.instances.list"]}
[debug] [2025-09-07T22:12:03.544Z] <<< [apiv2][status] POST https://cloudresourcemanager.googleapis.com/v1/projects/purgo-1374e:testIamPermissions 200
[debug] [2025-09-07T22:12:03.544Z] <<< [apiv2][body] POST https://cloudresourcemanager.googleapis.com/v1/projects/purgo-1374e:testIamPermissions {"permissions":["firebase.projects.get","firebaseextensions.instances.list"]}
[debug] [2025-09-07T22:12:03.545Z] Checked if tokens are valid: true, expires at: 1757285273645
[debug] [2025-09-07T22:12:03.545Z] Checked if tokens are valid: true, expires at: 1757285273645
[debug] [2025-09-07T22:12:03.545Z] >>> [apiv2][query] GET https://firebaseextensions.googleapis.com/v1beta/projects/purgo-1374e/instances pageSize=100&pageToken=
[debug] [2025-09-07T22:12:03.916Z] <<< [apiv2][status] GET https://firebaseextensions.googleapis.com/v1beta/projects/purgo-1374e/instances 200
[debug] [2025-09-07T22:12:03.916Z] <<< [apiv2][body] GET https://firebaseextensions.googleapis.com/v1beta/projects/purgo-1374e/instances {}
[info] i  functions: preparing functions directory for uploading... 
[info] i  functions: packaged /Users/maxdanley/Desktop/Purgo/functions (78.57 KB) for uploading 
[debug] [2025-09-07T22:12:03.953Z] Checked if tokens are valid: true, expires at: 1757285273645
[debug] [2025-09-07T22:12:03.953Z] Checked if tokens are valid: true, expires at: 1757285273645
[debug] [2025-09-07T22:12:03.953Z] >>> [apiv2][query] GET https://cloudfunctions.googleapis.com/v1/projects/purgo-1374e/locations/-/functions [none]
[debug] [2025-09-07T22:12:04.413Z] <<< [apiv2][status] GET https://cloudfunctions.googleapis.com/v1/projects/purgo-1374e/locations/-/functions 200
[debug] [2025-09-07T22:12:04.413Z] <<< [apiv2][body] GET https://cloudfunctions.googleapis.com/v1/projects/purgo-1374e/locations/-/functions {}
[debug] [2025-09-07T22:12:04.414Z] Checked if tokens are valid: true, expires at: 1757285273645
[debug] [2025-09-07T22:12:04.414Z] Checked if tokens are valid: true, expires at: 1757285273645
[debug] [2025-09-07T22:12:04.414Z] >>> [apiv2][query] GET https://cloudfunctions.googleapis.com/v2/projects/purgo-1374e/locations/-/functions filter=environment%3D%22GEN_2%22
[debug] [2025-09-07T22:12:04.964Z] <<< [apiv2][status] GET https://cloudfunctions.googleapis.com/v2/projects/purgo-1374e/locations/-/functions 200
[debug] [2025-09-07T22:12:04.964Z] <<< [apiv2][body] GET https://cloudfunctions.googleapis.com/v2/projects/purgo-1374e/locations/-/functions {}
[debug] [2025-09-07T22:12:04.965Z] Checked if tokens are valid: true, expires at: 1757285273645
[debug] [2025-09-07T22:12:04.965Z] Checked if tokens are valid: true, expires at: 1757285273645
[debug] [2025-09-07T22:12:04.966Z] >>> [apiv2][query] GET https://firestore.googleapis.com/v1/projects/purgo-1374e/databases/(default) [none]
[debug] [2025-09-07T22:12:05.304Z] <<< [apiv2][status] GET https://firestore.googleapis.com/v1/projects/purgo-1374e/databases/(default) 200
[debug] [2025-09-07T22:12:05.305Z] <<< [apiv2][body] GET https://firestore.googleapis.com/v1/projects/purgo-1374e/databases/(default) {"name":"projects/purgo-1374e/databases/(default)","uid":"c678cfc1-fe27-4d82-85be-793efe1f87f3","createTime":"2025-09-03T05:23:52.363442Z","updateTime":"2025-09-03T05:23:52.363442Z","locationId":"nam5","type":"FIRESTORE_NATIVE","concurrencyMode":"PESSIMISTIC","versionRetentionPeriod":"3600s","earliestVersionTime":"2025-09-07T21:12:05.368014Z","appEngineIntegrationMode":"DISABLED","keyPrefix":"s","pointInTimeRecoveryEnablement":"POINT_IN_TIME_RECOVERY_DISABLED","deleteProtectionState":"DELETE_PROTECTION_DISABLED","databaseEdition":"STANDARD","freeTier":true,"etag":"IIyl1OPVx48DMOHkmpztu48D"}
[info] i  functions: ensuring required API cloudscheduler.googleapis.com is enabled... 
[info] i  functions: ensuring required API run.googleapis.com is enabled... 
[info] i  functions: ensuring required API eventarc.googleapis.com is enabled... 
[info] i  functions: ensuring required API pubsub.googleapis.com is enabled... 
[info] i  functions: ensuring required API storage.googleapis.com is enabled... 
[info] i  functions: generating the service identity for pubsub.googleapis.com... 
[debug] [2025-09-07T22:12:05.309Z] Checked if tokens are valid: true, expires at: 1757285273645
[debug] [2025-09-07T22:12:05.309Z] Checked if tokens are valid: true, expires at: 1757285273645
[info] i  functions: generating the service identity for eventarc.googleapis.com... 
[debug] [2025-09-07T22:12:05.309Z] Checked if tokens are valid: true, expires at: 1757285273645
[debug] [2025-09-07T22:12:05.309Z] Checked if tokens are valid: true, expires at: 1757285273645
[debug] [2025-09-07T22:12:05.309Z] >>> [apiv2][query] POST https://serviceusage.googleapis.com/v1beta1/projects/658074709437/services/pubsub.googleapis.com:generateServiceIdentity [none]
[debug] [2025-09-07T22:12:05.309Z] >>> [apiv2][(partial)header] POST https://serviceusage.googleapis.com/v1beta1/projects/658074709437/services/pubsub.googleapis.com:generateServiceIdentity x-goog-quota-user=projects/658074709437
[debug] [2025-09-07T22:12:05.309Z] >>> [apiv2][body] POST https://serviceusage.googleapis.com/v1beta1/projects/658074709437/services/pubsub.googleapis.com:generateServiceIdentity {}
[debug] [2025-09-07T22:12:05.311Z] >>> [apiv2][query] POST https://serviceusage.googleapis.com/v1beta1/projects/658074709437/services/eventarc.googleapis.com:generateServiceIdentity [none]
[debug] [2025-09-07T22:12:05.311Z] >>> [apiv2][(partial)header] POST https://serviceusage.googleapis.com/v1beta1/projects/658074709437/services/eventarc.googleapis.com:generateServiceIdentity x-goog-quota-user=projects/658074709437
[debug] [2025-09-07T22:12:05.311Z] >>> [apiv2][body] POST https://serviceusage.googleapis.com/v1beta1/projects/658074709437/services/eventarc.googleapis.com:generateServiceIdentity {}
[debug] [2025-09-07T22:12:05.683Z] <<< [apiv2][status] POST https://serviceusage.googleapis.com/v1beta1/projects/658074709437/services/pubsub.googleapis.com:generateServiceIdentity 200
[debug] [2025-09-07T22:12:05.683Z] <<< [apiv2][body] POST https://serviceusage.googleapis.com/v1beta1/projects/658074709437/services/pubsub.googleapis.com:generateServiceIdentity {"name":"operations/finished.DONE_OPERATION","done":true,"response":{"@type":"type.googleapis.com/google.api.serviceusage.v1beta1.ServiceIdentity","email":"service-658074709437@gcp-sa-pubsub.iam.gserviceaccount.com","uniqueId":"109593123309293737985"}}
[debug] [2025-09-07T22:12:05.691Z] <<< [apiv2][status] POST https://serviceusage.googleapis.com/v1beta1/projects/658074709437/services/eventarc.googleapis.com:generateServiceIdentity 200
[debug] [2025-09-07T22:12:05.691Z] <<< [apiv2][body] POST https://serviceusage.googleapis.com/v1beta1/projects/658074709437/services/eventarc.googleapis.com:generateServiceIdentity {"name":"operations/finished.DONE_OPERATION","done":true,"response":{"@type":"type.googleapis.com/google.api.serviceusage.v1beta1.ServiceIdentity","email":"service-658074709437@gcp-sa-eventarc.iam.gserviceaccount.com","uniqueId":"112155997792813891344"}}
[debug] [2025-09-07T22:12:05.693Z] Checked if tokens are valid: true, expires at: 1757285273645
[debug] [2025-09-07T22:12:05.693Z] Checked if tokens are valid: true, expires at: 1757285273645
[debug] [2025-09-07T22:12:05.693Z] >>> [apiv2][query] GET https://compute.googleapis.com/compute/v1/projects/658074709437 [none]
[debug] [2025-09-07T22:12:05.874Z] <<< [apiv2][status] GET https://compute.googleapis.com/compute/v1/projects/658074709437 403
[debug] [2025-09-07T22:12:05.874Z] <<< [apiv2][body] GET https://compute.googleapis.com/compute/v1/projects/658074709437 {"error":{"code":403,"message":"Compute Engine API has not been used in project 658074709437 before or it is disabled. Enable it by visiting https://console.developers.google.com/apis/api/compute.googleapis.com/overview?project=658074709437 then retry. If you enabled this API recently, wait a few minutes for the action to propagate to our systems and retry.","errors":[{"message":"Compute Engine API has not been used in project 658074709437 before or it is disabled. Enable it by visiting https://console.developers.google.com/apis/api/compute.googleapis.com/overview?project=658074709437 then retry. If you enabled this API recently, wait a few minutes for the action to propagate to our systems and retry.","domain":"usageLimits","reason":"accessNotConfigured","extendedHelp":"https://console.developers.google.com"}],"status":"PERMISSION_DENIED","details":[{"@type":"type.googleapis.com/google.rpc.ErrorInfo","reason":"SERVICE_DISABLED","domain":"googleapis.com","metadata":{"containerInfo":"658074709437","consumer":"projects/658074709437","service":"compute.googleapis.com","activationUrl":"https://console.developers.google.com/apis/api/compute.googleapis.com/overview?project=658074709437","serviceTitle":"Compute Engine API"}},{"@type":"type.googleapis.com/google.rpc.LocalizedMessage","locale":"en-US","message":"Compute Engine API has not been used in project 658074709437 before or it is disabled. Enable it by visiting https://console.developers.google.com/apis/api/compute.googleapis.com/overview?project=658074709437 then retry. If you enabled this API recently, wait a few minutes for the action to propagate to our systems and retry."},{"@type":"type.googleapis.com/google.rpc.Help","links":[{"description":"Google developers console API activation","url":"https://console.developers.google.com/apis/api/compute.googleapis.com/overview?project=658074709437"}]}]}}
[debug] [2025-09-07T22:12:05.875Z] unable to look up default compute service account. Falling back to 658074709437-compute@developer.gserviceaccount.com. Error: {"name":"FirebaseError","children":[],"context":{"body":{"error":{"code":403,"message":"Compute Engine API has not been used in project 658074709437 before or it is disabled. Enable it by visiting https://console.developers.google.com/apis/api/compute.googleapis.com/overview?project=658074709437 then retry. If you enabled this API recently, wait a few minutes for the action to propagate to our systems and retry.","errors":[{"message":"Compute Engine API has not been used in project 658074709437 before or it is disabled. Enable it by visiting https://console.developers.google.com/apis/api/compute.googleapis.com/overview?project=658074709437 then retry. If you enabled this API recently, wait a few minutes for the action to propagate to our systems and retry.","domain":"usageLimits","reason":"accessNotConfigured","extendedHelp":"https://console.developers.google.com"}],"status":"PERMISSION_DENIED","details":[{"@type":"type.googleapis.com/google.rpc.ErrorInfo","reason":"SERVICE_DISABLED","domain":"googleapis.com","metadata":{"containerInfo":"658074709437","consumer":"projects/658074709437","service":"compute.googleapis.com","activationUrl":"https://console.developers.google.com/apis/api/compute.googleapis.com/overview?project=658074709437","serviceTitle":"Compute Engine API"}},{"@type":"type.googleapis.com/google.rpc.LocalizedMessage","locale":"en-US","message":"Compute Engine API has not been used in project 658074709437 before or it is disabled. Enable it by visiting https://console.developers.google.com/apis/api/compute.googleapis.com/overview?project=658074709437 then retry. If you enabled this API recently, wait a few minutes for the action to propagate to our systems and retry."},{"@type":"type.googleapis.com/google.rpc.Help","links":[{"description":"Google developers console API activation","url":"https://console.developers.google.com/apis/api/compute.googleapis.com/overview?project=658074709437"}]}]}},"response":{"statusCode":403}},"exit":1,"message":"Request to https://compute.googleapis.com/compute/v1/projects/658074709437 had HTTP Error: 403, Compute Engine API has not been used in project 658074709437 before or it is disabled. Enable it by visiting https://console.developers.google.com/apis/api/compute.googleapis.com/overview?project=658074709437 then retry. If you enabled this API recently, wait a few minutes for the action to propagate to our systems and retry.","status":403}
[debug] [2025-09-07T22:12:05.875Z] Checked if tokens are valid: true, expires at: 1757285273645
[debug] [2025-09-07T22:12:05.876Z] Checked if tokens are valid: true, expires at: 1757285273645
[debug] [2025-09-07T22:12:05.876Z] >>> [apiv2][query] POST https://cloudresourcemanager.googleapis.com/v1/projects/658074709437:getIamPolicy [none]
[debug] [2025-09-07T22:12:06.048Z] <<< [apiv2][status] POST https://cloudresourcemanager.googleapis.com/v1/projects/658074709437:getIamPolicy 200
[debug] [2025-09-07T22:12:06.049Z] <<< [apiv2][body] POST https://cloudresourcemanager.googleapis.com/v1/projects/658074709437:getIamPolicy {"version":1,"etag":"BwY+PUDG3nE=","bindings":[{"role":"roles/cloudbuild.builds.builder","members":["serviceAccount:658074709437@cloudbuild.gserviceaccount.com"]},{"role":"roles/cloudbuild.serviceAgent","members":["serviceAccount:service-658074709437@gcp-sa-cloudbuild.iam.gserviceaccount.com"]},{"role":"roles/cloudfunctions.admin","members":["serviceAccount:firebase-adminsdk-fbsvc@purgo-1374e.iam.gserviceaccount.com"]},{"role":"roles/cloudfunctions.serviceAgent","members":["serviceAccount:service-658074709437@gcf-admin-robot.iam.gserviceaccount.com"]},{"role":"roles/containerregistry.ServiceAgent","members":["serviceAccount:service-658074709437@containerregistry.iam.gserviceaccount.com"]},{"role":"roles/editor","members":["serviceAccount:658074709437-compute@developer.gserviceaccount.com","serviceAccount:658074709437@cloudservices.gserviceaccount.com"]},{"role":"roles/eventarc.eventReceiver","members":["serviceAccount:658074709437-compute@developer.gserviceaccount.com"]},{"role":"roles/firebase.managementServiceAgent","members":["serviceAccount:service-658074709437@gcp-sa-firebase.iam.gserviceaccount.com"]},{"role":"roles/firebase.sdkAdminServiceAgent","members":["serviceAccount:firebase-adminsdk-fbsvc@purgo-1374e.iam.gserviceaccount.com"]},{"role":"roles/firebaseauth.admin","members":["serviceAccount:firebase-adminsdk-fbsvc@purgo-1374e.iam.gserviceaccount.com"]},{"role":"roles/firebasemods.serviceAgent","members":["serviceAccount:service-658074709437@gcp-sa-firebasemods.iam.gserviceaccount.com"]},{"role":"roles/firebaserules.system","members":["serviceAccount:service-658074709437@firebase-rules.iam.gserviceaccount.com"]},{"role":"roles/firestore.serviceAgent","members":["serviceAccount:service-658074709437@gcp-sa-firestore.iam.gserviceaccount.com"]},{"role":"roles/iam.serviceAccountTokenCreator","members":["serviceAccount:firebase-adminsdk-fbsvc@purgo-1374e.iam.gserviceaccount.com","serviceAccount:service-658074709437@gcp-sa-pubsub.iam.gserviceaccount.com"]},{"role":"roles/owner","members":["user:huskerpackers@gmail.com"]},{"role":"roles/run.invoker","members":["serviceAccount:658074709437-compute@developer.gserviceaccount.com"]},{"role":"roles/run.serviceAgent","members":["serviceAccount:service-658074709437@serverless-robot-prod.iam.gserviceaccount.com"]}]}
[debug] [2025-09-07T22:12:06.050Z] Checked if tokens are valid: true, expires at: 1757285273645
[debug] [2025-09-07T22:12:06.051Z] Checked if tokens are valid: true, expires at: 1757285273645
[debug] [2025-09-07T22:12:06.051Z] >>> [apiv2][query] GET https://cloudresourcemanager.googleapis.com/v1/projects/purgo-1374e [none]
[debug] [2025-09-07T22:12:06.142Z] <<< [apiv2][status] GET https://cloudresourcemanager.googleapis.com/v1/projects/purgo-1374e 200
[debug] [2025-09-07T22:12:06.143Z] <<< [apiv2][body] GET https://cloudresourcemanager.googleapis.com/v1/projects/purgo-1374e {"projectNumber":"658074709437","projectId":"purgo-1374e","lifecycleState":"ACTIVE","name":"Purgo","labels":{"firebase":"enabled","firebase-core":"disabled"},"createTime":"2025-09-03T05:10:42.589336Z"}
[debug] [2025-09-07T22:12:06.143Z] Checked if tokens are valid: true, expires at: 1757285273645
[debug] [2025-09-07T22:12:06.143Z] Checked if tokens are valid: true, expires at: 1757285273645
[debug] [2025-09-07T22:12:06.143Z] >>> [apiv2][query] GET https://compute.googleapis.com/compute/v1/projects/658074709437 [none]
[debug] [2025-09-07T22:12:06.238Z] <<< [apiv2][status] GET https://compute.googleapis.com/compute/v1/projects/658074709437 403
[debug] [2025-09-07T22:12:06.238Z] <<< [apiv2][body] GET https://compute.googleapis.com/compute/v1/projects/658074709437 {"error":{"code":403,"message":"Compute Engine API has not been used in project 658074709437 before or it is disabled. Enable it by visiting https://console.developers.google.com/apis/api/compute.googleapis.com/overview?project=658074709437 then retry. If you enabled this API recently, wait a few minutes for the action to propagate to our systems and retry.","errors":[{"message":"Compute Engine API has not been used in project 658074709437 before or it is disabled. Enable it by visiting https://console.developers.google.com/apis/api/compute.googleapis.com/overview?project=658074709437 then retry. If you enabled this API recently, wait a few minutes for the action to propagate to our systems and retry.","domain":"usageLimits","reason":"accessNotConfigured","extendedHelp":"https://console.developers.google.com"}],"status":"PERMISSION_DENIED","details":[{"@type":"type.googleapis.com/google.rpc.ErrorInfo","reason":"SERVICE_DISABLED","domain":"googleapis.com","metadata":{"serviceTitle":"Compute Engine API","activationUrl":"https://console.developers.google.com/apis/api/compute.googleapis.com/overview?project=658074709437","service":"compute.googleapis.com","containerInfo":"658074709437","consumer":"projects/658074709437"}},{"@type":"type.googleapis.com/google.rpc.LocalizedMessage","locale":"en-US","message":"Compute Engine API has not been used in project 658074709437 before or it is disabled. Enable it by visiting https://console.developers.google.com/apis/api/compute.googleapis.com/overview?project=658074709437 then retry. If you enabled this API recently, wait a few minutes for the action to propagate to our systems and retry."},{"@type":"type.googleapis.com/google.rpc.Help","links":[{"description":"Google developers console API activation","url":"https://console.developers.google.com/apis/api/compute.googleapis.com/overview?project=658074709437"}]}]}}
[debug] [2025-09-07T22:12:06.239Z] unable to look up default compute service account. Falling back to 658074709437-compute@developer.gserviceaccount.com. Error: {"name":"FirebaseError","children":[],"context":{"body":{"error":{"code":403,"message":"Compute Engine API has not been used in project 658074709437 before or it is disabled. Enable it by visiting https://console.developers.google.com/apis/api/compute.googleapis.com/overview?project=658074709437 then retry. If you enabled this API recently, wait a few minutes for the action to propagate to our systems and retry.","errors":[{"message":"Compute Engine API has not been used in project 658074709437 before or it is disabled. Enable it by visiting https://console.developers.google.com/apis/api/compute.googleapis.com/overview?project=658074709437 then retry. If you enabled this API recently, wait a few minutes for the action to propagate to our systems and retry.","domain":"usageLimits","reason":"accessNotConfigured","extendedHelp":"https://console.developers.google.com"}],"status":"PERMISSION_DENIED","details":[{"@type":"type.googleapis.com/google.rpc.ErrorInfo","reason":"SERVICE_DISABLED","domain":"googleapis.com","metadata":{"serviceTitle":"Compute Engine API","activationUrl":"https://console.developers.google.com/apis/api/compute.googleapis.com/overview?project=658074709437","service":"compute.googleapis.com","containerInfo":"658074709437","consumer":"projects/658074709437"}},{"@type":"type.googleapis.com/google.rpc.LocalizedMessage","locale":"en-US","message":"Compute Engine API has not been used in project 658074709437 before or it is disabled. Enable it by visiting https://console.developers.google.com/apis/api/compute.googleapis.com/overview?project=658074709437 then retry. If you enabled this API recently, wait a few minutes for the action to propagate to our systems and retry."},{"@type":"type.googleapis.com/google.rpc.Help","links":[{"description":"Google developers console API activation","url":"https://console.developers.google.com/apis/api/compute.googleapis.com/overview?project=658074709437"}]}]}},"response":{"statusCode":403}},"exit":1,"message":"Request to https://compute.googleapis.com/compute/v1/projects/658074709437 had HTTP Error: 403, Compute Engine API has not been used in project 658074709437 before or it is disabled. Enable it by visiting https://console.developers.google.com/apis/api/compute.googleapis.com/overview?project=658074709437 then retry. If you enabled this API recently, wait a few minutes for the action to propagate to our systems and retry.","status":403}
[debug] [2025-09-07T22:12:06.239Z] Checked if tokens are valid: true, expires at: 1757285273645
[debug] [2025-09-07T22:12:06.239Z] Checked if tokens are valid: true, expires at: 1757285273645
[debug] [2025-09-07T22:12:06.239Z] >>> [apiv2][query] GET https://compute.googleapis.com/compute/v1/projects/658074709437 [none]
[debug] [2025-09-07T22:12:06.331Z] <<< [apiv2][status] GET https://compute.googleapis.com/compute/v1/projects/658074709437 403
[debug] [2025-09-07T22:12:06.331Z] <<< [apiv2][body] GET https://compute.googleapis.com/compute/v1/projects/658074709437 {"error":{"code":403,"message":"Compute Engine API has not been used in project 658074709437 before or it is disabled. Enable it by visiting https://console.developers.google.com/apis/api/compute.googleapis.com/overview?project=658074709437 then retry. If you enabled this API recently, wait a few minutes for the action to propagate to our systems and retry.","errors":[{"message":"Compute Engine API has not been used in project 658074709437 before or it is disabled. Enable it by visiting https://console.developers.google.com/apis/api/compute.googleapis.com/overview?project=658074709437 then retry. If you enabled this API recently, wait a few minutes for the action to propagate to our systems and retry.","domain":"usageLimits","reason":"accessNotConfigured","extendedHelp":"https://console.developers.google.com"}],"status":"PERMISSION_DENIED","details":[{"@type":"type.googleapis.com/google.rpc.ErrorInfo","reason":"SERVICE_DISABLED","domain":"googleapis.com","metadata":{"serviceTitle":"Compute Engine API","activationUrl":"https://console.developers.google.com/apis/api/compute.googleapis.com/overview?project=658074709437","service":"compute.googleapis.com","containerInfo":"658074709437","consumer":"projects/658074709437"}},{"@type":"type.googleapis.com/google.rpc.LocalizedMessage","locale":"en-US","message":"Compute Engine API has not been used in project 658074709437 before or it is disabled. Enable it by visiting https://console.developers.google.com/apis/api/compute.googleapis.com/overview?project=658074709437 then retry. If you enabled this API recently, wait a few minutes for the action to propagate to our systems and retry."},{"@type":"type.googleapis.com/google.rpc.Help","links":[{"description":"Google developers console API activation","url":"https://console.developers.google.com/apis/api/compute.googleapis.com/overview?project=658074709437"}]}]}}
[debug] [2025-09-07T22:12:06.332Z] unable to look up default compute service account. Falling back to 658074709437-compute@developer.gserviceaccount.com. Error: {"name":"FirebaseError","children":[],"context":{"body":{"error":{"code":403,"message":"Compute Engine API has not been used in project 658074709437 before or it is disabled. Enable it by visiting https://console.developers.google.com/apis/api/compute.googleapis.com/overview?project=658074709437 then retry. If you enabled this API recently, wait a few minutes for the action to propagate to our systems and retry.","errors":[{"message":"Compute Engine API has not been used in project 658074709437 before or it is disabled. Enable it by visiting https://console.developers.google.com/apis/api/compute.googleapis.com/overview?project=658074709437 then retry. If you enabled this API recently, wait a few minutes for the action to propagate to our systems and retry.","domain":"usageLimits","reason":"accessNotConfigured","extendedHelp":"https://console.developers.google.com"}],"status":"PERMISSION_DENIED","details":[{"@type":"type.googleapis.com/google.rpc.ErrorInfo","reason":"SERVICE_DISABLED","domain":"googleapis.com","metadata":{"serviceTitle":"Compute Engine API","activationUrl":"https://console.developers.google.com/apis/api/compute.googleapis.com/overview?project=658074709437","service":"compute.googleapis.com","containerInfo":"658074709437","consumer":"projects/658074709437"}},{"@type":"type.googleapis.com/google.rpc.LocalizedMessage","locale":"en-US","message":"Compute Engine API has not been used in project 658074709437 before or it is disabled. Enable it by visiting https://console.developers.google.com/apis/api/compute.googleapis.com/overview?project=658074709437 then retry. If you enabled this API recently, wait a few minutes for the action to propagate to our systems and retry."},{"@type":"type.googleapis.com/google.rpc.Help","links":[{"description":"Google developers console API activation","url":"https://console.developers.google.com/apis/api/compute.googleapis.com/overview?project=658074709437"}]}]}},"response":{"statusCode":403}},"exit":1,"message":"Request to https://compute.googleapis.com/compute/v1/projects/658074709437 had HTTP Error: 403, Compute Engine API has not been used in project 658074709437 before or it is disabled. Enable it by visiting https://console.developers.google.com/apis/api/compute.googleapis.com/overview?project=658074709437 then retry. If you enabled this API recently, wait a few minutes for the action to propagate to our systems and retry.","status":403}
[debug] [2025-09-07T22:12:06.332Z] Checked if tokens are valid: true, expires at: 1757285273645
[debug] [2025-09-07T22:12:06.332Z] Checked if tokens are valid: true, expires at: 1757285273645
[debug] [2025-09-07T22:12:06.332Z] >>> [apiv2][query] GET https://compute.googleapis.com/compute/v1/projects/658074709437 [none]
[debug] [2025-09-07T22:12:06.436Z] <<< [apiv2][status] GET https://compute.googleapis.com/compute/v1/projects/658074709437 403
[debug] [2025-09-07T22:12:06.437Z] <<< [apiv2][body] GET https://compute.googleapis.com/compute/v1/projects/658074709437 {"error":{"code":403,"message":"Compute Engine API has not been used in project 658074709437 before or it is disabled. Enable it by visiting https://console.developers.google.com/apis/api/compute.googleapis.com/overview?project=658074709437 then retry. If you enabled this API recently, wait a few minutes for the action to propagate to our systems and retry.","errors":[{"message":"Compute Engine API has not been used in project 658074709437 before or it is disabled. Enable it by visiting https://console.developers.google.com/apis/api/compute.googleapis.com/overview?project=658074709437 then retry. If you enabled this API recently, wait a few minutes for the action to propagate to our systems and retry.","domain":"usageLimits","reason":"accessNotConfigured","extendedHelp":"https://console.developers.google.com"}],"status":"PERMISSION_DENIED","details":[{"@type":"type.googleapis.com/google.rpc.ErrorInfo","reason":"SERVICE_DISABLED","domain":"googleapis.com","metadata":{"containerInfo":"658074709437","serviceTitle":"Compute Engine API","activationUrl":"https://console.developers.google.com/apis/api/compute.googleapis.com/overview?project=658074709437","service":"compute.googleapis.com","consumer":"projects/658074709437"}},{"@type":"type.googleapis.com/google.rpc.LocalizedMessage","locale":"en-US","message":"Compute Engine API has not been used in project 658074709437 before or it is disabled. Enable it by visiting https://console.developers.google.com/apis/api/compute.googleapis.com/overview?project=658074709437 then retry. If you enabled this API recently, wait a few minutes for the action to propagate to our systems and retry."},{"@type":"type.googleapis.com/google.rpc.Help","links":[{"description":"Google developers console API activation","url":"https://console.developers.google.com/apis/api/compute.googleapis.com/overview?project=658074709437"}]}]}}
[debug] [2025-09-07T22:12:06.437Z] unable to look up default compute service account. Falling back to 658074709437-compute@developer.gserviceaccount.com. Error: {"name":"FirebaseError","children":[],"context":{"body":{"error":{"code":403,"message":"Compute Engine API has not been used in project 658074709437 before or it is disabled. Enable it by visiting https://console.developers.google.com/apis/api/compute.googleapis.com/overview?project=658074709437 then retry. If you enabled this API recently, wait a few minutes for the action to propagate to our systems and retry.","errors":[{"message":"Compute Engine API has not been used in project 658074709437 before or it is disabled. Enable it by visiting https://console.developers.google.com/apis/api/compute.googleapis.com/overview?project=658074709437 then retry. If you enabled this API recently, wait a few minutes for the action to propagate to our systems and retry.","domain":"usageLimits","reason":"accessNotConfigured","extendedHelp":"https://console.developers.google.com"}],"status":"PERMISSION_DENIED","details":[{"@type":"type.googleapis.com/google.rpc.ErrorInfo","reason":"SERVICE_DISABLED","domain":"googleapis.com","metadata":{"containerInfo":"658074709437","serviceTitle":"Compute Engine API","activationUrl":"https://console.developers.google.com/apis/api/compute.googleapis.com/overview?project=658074709437","service":"compute.googleapis.com","consumer":"projects/658074709437"}},{"@type":"type.googleapis.com/google.rpc.LocalizedMessage","locale":"en-US","message":"Compute Engine API has not been used in project 658074709437 before or it is disabled. Enable it by visiting https://console.developers.google.com/apis/api/compute.googleapis.com/overview?project=658074709437 then retry. If you enabled this API recently, wait a few minutes for the action to propagate to our systems and retry."},{"@type":"type.googleapis.com/google.rpc.Help","links":[{"description":"Google developers console API activation","url":"https://console.developers.google.com/apis/api/compute.googleapis.com/overview?project=658074709437"}]}]}},"response":{"statusCode":403}},"exit":1,"message":"Request to https://compute.googleapis.com/compute/v1/projects/658074709437 had HTTP Error: 403, Compute Engine API has not been used in project 658074709437 before or it is disabled. Enable it by visiting https://console.developers.google.com/apis/api/compute.googleapis.com/overview?project=658074709437 then retry. If you enabled this API recently, wait a few minutes for the action to propagate to our systems and retry.","status":403}
[debug] [2025-09-07T22:12:06.439Z] Checked if tokens are valid: true, expires at: 1757285273645
[debug] [2025-09-07T22:12:06.439Z] Checked if tokens are valid: true, expires at: 1757285273645
[debug] [2025-09-07T22:12:06.439Z] >>> [apiv2][query] GET https://cloudbilling.googleapis.com/v1/projects/purgo-1374e/billingInfo [none]
[debug] [2025-09-07T22:12:06.647Z] <<< [apiv2][status] GET https://cloudbilling.googleapis.com/v1/projects/purgo-1374e/billingInfo 200
[debug] [2025-09-07T22:12:06.647Z] <<< [apiv2][body] GET https://cloudbilling.googleapis.com/v1/projects/purgo-1374e/billingInfo {"name":"projects/purgo-1374e/billingInfo","projectId":"purgo-1374e","billingAccountName":"billingAccounts/018156-58F672-B40015","billingEnabled":true}
[debug] [2025-09-07T22:12:06.649Z] Checked if tokens are valid: true, expires at: 1757285273645
[debug] [2025-09-07T22:12:06.649Z] Checked if tokens are valid: true, expires at: 1757285273645
[debug] [2025-09-07T22:12:06.650Z] >>> [apiv2][query] POST https://cloudfunctions.googleapis.com/v2/projects/purgo-1374e/locations/us-central1/functions:generateUploadUrl [none]
[debug] [2025-09-07T22:12:07.600Z] <<< [apiv2][status] POST https://cloudfunctions.googleapis.com/v2/projects/purgo-1374e/locations/us-central1/functions:generateUploadUrl 200
[debug] [2025-09-07T22:12:07.600Z] <<< [apiv2][body] POST https://cloudfunctions.googleapis.com/v2/projects/purgo-1374e/locations/us-central1/functions:generateUploadUrl {"uploadUrl":"https://storage.googleapis.com/gcf-v2-uploads-658074709437.us-central1.cloudfunctions.appspot.com/0751e694-5790-4d35-a4ac-a36ebddeeb0c.zip?GoogleAccessId=service-658074709437@gcf-admin-robot.iam.gserviceaccount.com&Expires=1757284927&Signature=nAQoYfAuZODkpe4vDj6qxW1dRsjVWdyZeYAy216blO7KFa0OBL5d82m3JSoJWlv%2FDDZNXyS4m0%2F43EjmgCNAafxYZaXh4FfH850GWWm3CGfPCbzgYxmpQJehebjuhDpa44SLPSmiHbg1S%2BcG4Xq3FfqiA6RJNg1481SXo%2FdkpT6N5ITfIlO2702h5cu2cxRDFVuChnJzoFoCTLswGmvOsmIkW6Jd3vUbTXPkIKIpirUpGQ14%2Fzmv1gIhJWD5UM498V6hmfF6WOI%2FiuYJFkkgpE1aUQu5WRti00eXiDDTaOQsH8wZTvu2Vv2RLMc%2FI%2FTzU7hbtS42G8Ot0yM%2FIO8GMQ%3D%3D","storageSource":{"bucket":"gcf-v2-uploads-658074709437.us-central1.cloudfunctions.appspot.com","object":"0751e694-5790-4d35-a4ac-a36ebddeeb0c.zip"}}
[debug] [2025-09-07T22:12:07.601Z] >>> [apiv2][query] PUT https://storage.googleapis.com/gcf-v2-uploads-658074709437.us-central1.cloudfunctions.appspot.com/0751e694-5790-4d35-a4ac-a36ebddeeb0c.zip GoogleAccessId=service-658074709437%40gcf-admin-robot.iam.gserviceaccount.com&Expires=1757284927&Signature=nAQoYfAuZODkpe4vDj6qxW1dRsjVWdyZeYAy216blO7KFa0OBL5d82m3JSoJWlv%2FDDZNXyS4m0%2F43EjmgCNAafxYZaXh4FfH850GWWm3CGfPCbzgYxmpQJehebjuhDpa44SLPSmiHbg1S%2BcG4Xq3FfqiA6RJNg1481SXo%2FdkpT6N5ITfIlO2702h5cu2cxRDFVuChnJzoFoCTLswGmvOsmIkW6Jd3vUbTXPkIKIpirUpGQ14%2Fzmv1gIhJWD5UM498V6hmfF6WOI%2FiuYJFkkgpE1aUQu5WRti00eXiDDTaOQsH8wZTvu2Vv2RLMc%2FI%2FTzU7hbtS42G8Ot0yM%2FIO8GMQ%3D%3D
[debug] [2025-09-07T22:12:07.602Z] >>> [apiv2][body] PUT https://storage.googleapis.com/gcf-v2-uploads-658074709437.us-central1.cloudfunctions.appspot.com/0751e694-5790-4d35-a4ac-a36ebddeeb0c.zip [stream]
[debug] [2025-09-07T22:12:08.085Z] <<< [apiv2][status] PUT https://storage.googleapis.com/gcf-v2-uploads-658074709437.us-central1.cloudfunctions.appspot.com/0751e694-5790-4d35-a4ac-a36ebddeeb0c.zip 200
[debug] [2025-09-07T22:12:08.085Z] <<< [apiv2][body] PUT https://storage.googleapis.com/gcf-v2-uploads-658074709437.us-central1.cloudfunctions.appspot.com/0751e694-5790-4d35-a4ac-a36ebddeeb0c.zip [omitted]
[info] ✔  functions: functions folder uploaded successfully 
[info] i  functions: creating Node.js 18 (2nd Gen) function sendNotification(us-central1)... 
[info] i  functions: creating Node.js 18 (2nd Gen) function weeklyLeaderboardNotifications(us-central1)... 
[info] i  functions: creating Node.js 18 (2nd Gen) function monthlyLeaderboardNotifications(us-central1)... 
[debug] [2025-09-07T22:12:08.091Z] Checked if tokens are valid: true, expires at: 1757285273645
[debug] [2025-09-07T22:12:08.091Z] Checked if tokens are valid: true, expires at: 1757285273645
[debug] [2025-09-07T22:12:08.091Z] >>> [apiv2][query] POST https://cloudfunctions.googleapis.com/v2/projects/purgo-1374e/locations/us-central1/functions functionId=sendNotification
[debug] [2025-09-07T22:12:08.091Z] >>> [apiv2][body] POST https://cloudfunctions.googleapis.com/v2/projects/purgo-1374e/locations/us-central1/functions {"name":"projects/purgo-1374e/locations/us-central1/functions/sendNotification","buildConfig":{"runtime":"nodejs18","entryPoint":"sendNotification","source":{"storageSource":{"bucket":"gcf-v2-uploads-658074709437.us-central1.cloudfunctions.appspot.com","object":"0751e694-5790-4d35-a4ac-a36ebddeeb0c.zip"}},"environmentVariables":{"GOOGLE_NODE_RUN_SCRIPTS":""}},"serviceConfig":{"environmentVariables":{"FIREBASE_CONFIG":"{\"projectId\":\"purgo-1374e\",\"storageBucket\":\"purgo-1374e.firebasestorage.app\"}","GCLOUD_PROJECT":"purgo-1374e","EVENTARC_CLOUD_EVENT_SOURCE":"projects/purgo-1374e/locations/us-central1/services/sendNotification","FUNCTION_SIGNATURE_TYPE":"cloudevent","FUNCTION_TARGET":"sendNotification","LOG_EXECUTION_ID":"true"},"ingressSettings":null,"timeoutSeconds":null,"serviceAccountEmail":null,"availableMemory":"256Mi","minInstanceCount":null,"maxInstanceCount":10,"maxInstanceRequestConcurrency":80,"availableCpu":"1","vpcConnector":null,"vpcConnectorEgressSettings":null},"labels":{"deployment-tool":"cli-firebase","firebase-functions-hash":"f74a2eea77621a28d54d70feb217efb4e08e81f7"},"eventTrigger":{"eventType":"google.cloud.firestore.document.v1.created","retryPolicy":"RETRY_POLICY_DO_NOT_RETRY","eventFilters":[{"attribute":"database","value":"(default)"},{"attribute":"namespace","value":"(default)"},{"attribute":"document","value":"notifications/{notificationId}","operator":"match-path-pattern"}],"triggerRegion":"nam5"}}
[debug] [2025-09-07T22:12:24.357Z] <<< [apiv2][status] POST https://cloudfunctions.googleapis.com/v2/projects/purgo-1374e/locations/us-central1/functions 400
[debug] [2025-09-07T22:12:24.358Z] <<< [apiv2][body] POST https://cloudfunctions.googleapis.com/v2/projects/purgo-1374e/locations/us-central1/functions {"error":{"code":400,"message":"Validation failed for trigger projects/purgo-1374e/locations/nam5/triggers/sendnotification-449324: Invalid resource state for \"\": Permission denied while using the Eventarc Service Agent. If you recently started to use Eventarc, it may take a few minutes before all necessary permissions are propagated to the Service Agent. Otherwise, verify that it has Eventarc Service Agent role.","status":"FAILED_PRECONDITION"}}
[warn] ⚠  functions: Request to https://cloudfunctions.googleapis.com/v2/projects/purgo-1374e/locations/us-central1/functions?functionId=sendNotification had HTTP Error: 400, Validation failed for trigger projects/purgo-1374e/locations/nam5/triggers/sendnotification-449324: Invalid resource state for "": Permission denied while using the Eventarc Service Agent. If you recently started to use Eventarc, it may take a few minutes before all necessary permissions are propagated to the Service Agent. Otherwise, verify that it has Eventarc Service Agent role. 
[warn] ⚠  functions: Since this is your first time using 2nd gen functions, we need a little bit longer to finish setting everything up. Retry the deployment in a few minutes. 
[warn] ⚠  functions:  failed to create function projects/purgo-1374e/locations/us-central1/functions/sendNotification 
[error] Failed to create function projects/purgo-1374e/locations/us-central1/functions/sendNotification
[debug] [2025-09-07T22:12:24.360Z] Checked if tokens are valid: true, expires at: 1757285273645
[debug] [2025-09-07T22:12:24.360Z] Checked if tokens are valid: true, expires at: 1757285273645
[debug] [2025-09-07T22:12:24.360Z] Checked if tokens are valid: true, expires at: 1757285273645
[debug] [2025-09-07T22:12:24.360Z] Checked if tokens are valid: true, expires at: 1757285273645
[debug] [2025-09-07T22:12:24.361Z] >>> [apiv2][query] POST https://cloudfunctions.googleapis.com/v2/projects/purgo-1374e/locations/us-central1/functions functionId=weeklyLeaderboardNotifications
[debug] [2025-09-07T22:12:24.361Z] >>> [apiv2][body] POST https://cloudfunctions.googleapis.com/v2/projects/purgo-1374e/locations/us-central1/functions {"name":"projects/purgo-1374e/locations/us-central1/functions/weeklyLeaderboardNotifications","buildConfig":{"runtime":"nodejs18","entryPoint":"weeklyLeaderboardNotifications","source":{"storageSource":{"bucket":"gcf-v2-uploads-658074709437.us-central1.cloudfunctions.appspot.com","object":"0751e694-5790-4d35-a4ac-a36ebddeeb0c.zip"}},"environmentVariables":{"GOOGLE_NODE_RUN_SCRIPTS":""}},"serviceConfig":{"environmentVariables":{"FIREBASE_CONFIG":"{\"projectId\":\"purgo-1374e\",\"storageBucket\":\"purgo-1374e.firebasestorage.app\"}","GCLOUD_PROJECT":"purgo-1374e","EVENTARC_CLOUD_EVENT_SOURCE":"projects/purgo-1374e/locations/us-central1/services/weeklyLeaderboardNotifications","FUNCTION_TARGET":"weeklyLeaderboardNotifications","LOG_EXECUTION_ID":"true"},"ingressSettings":null,"timeoutSeconds":null,"serviceAccountEmail":null,"availableMemory":"256Mi","minInstanceCount":null,"maxInstanceCount":10,"maxInstanceRequestConcurrency":80,"availableCpu":"1","vpcConnector":null,"vpcConnectorEgressSettings":null},"labels":{"deployment-tool":"cli-firebase","deployment-scheduled":"true","firebase-functions-hash":"f74a2eea77621a28d54d70feb217efb4e08e81f7"}}
[debug] [2025-09-07T22:12:24.362Z] >>> [apiv2][query] POST https://cloudfunctions.googleapis.com/v2/projects/purgo-1374e/locations/us-central1/functions functionId=monthlyLeaderboardNotifications
[debug] [2025-09-07T22:12:24.362Z] >>> [apiv2][body] POST https://cloudfunctions.googleapis.com/v2/projects/purgo-1374e/locations/us-central1/functions {"name":"projects/purgo-1374e/locations/us-central1/functions/monthlyLeaderboardNotifications","buildConfig":{"runtime":"nodejs18","entryPoint":"monthlyLeaderboardNotifications","source":{"storageSource":{"bucket":"gcf-v2-uploads-658074709437.us-central1.cloudfunctions.appspot.com","object":"0751e694-5790-4d35-a4ac-a36ebddeeb0c.zip"}},"environmentVariables":{"GOOGLE_NODE_RUN_SCRIPTS":""}},"serviceConfig":{"environmentVariables":{"FIREBASE_CONFIG":"{\"projectId\":\"purgo-1374e\",\"storageBucket\":\"purgo-1374e.firebasestorage.app\"}","GCLOUD_PROJECT":"purgo-1374e","EVENTARC_CLOUD_EVENT_SOURCE":"projects/purgo-1374e/locations/us-central1/services/monthlyLeaderboardNotifications","FUNCTION_TARGET":"monthlyLeaderboardNotifications","LOG_EXECUTION_ID":"true"},"ingressSettings":null,"timeoutSeconds":null,"serviceAccountEmail":null,"availableMemory":"256Mi","minInstanceCount":null,"maxInstanceCount":10,"maxInstanceRequestConcurrency":80,"availableCpu":"1","vpcConnector":null,"vpcConnectorEgressSettings":null},"labels":{"deployment-tool":"cli-firebase","deployment-scheduled":"true","firebase-functions-hash":"f74a2eea77621a28d54d70feb217efb4e08e81f7"}}
[debug] [2025-09-07T22:12:25.187Z] <<< [apiv2][status] POST https://cloudfunctions.googleapis.com/v2/projects/purgo-1374e/locations/us-central1/functions 200
[debug] [2025-09-07T22:12:25.188Z] <<< [apiv2][body] POST https://cloudfunctions.googleapis.com/v2/projects/purgo-1374e/locations/us-central1/functions {"name":"projects/purgo-1374e/locations/us-central1/operations/operation-1757283144735-63e3d5d9c999f-ad5199e4-e0068653","metadata":{"@type":"type.googleapis.com/google.cloud.functions.v2.OperationMetadata","createTime":"2025-09-07T22:12:25.228197696Z","target":"projects/purgo-1374e/locations/us-central1/functions/weeklyLeaderboardNotifications","verb":"create","cancelRequested":false,"apiVersion":"v2"},"done":false}
[debug] [2025-09-07T22:12:25.189Z] Checked if tokens are valid: true, expires at: 1757285273645
[debug] [2025-09-07T22:12:25.189Z] Checked if tokens are valid: true, expires at: 1757285273645
[debug] [2025-09-07T22:12:25.189Z] >>> [apiv2][query] GET https://cloudfunctions.googleapis.com/v2/projects/purgo-1374e/locations/us-central1/operations/operation-1757283144735-63e3d5d9c999f-ad5199e4-e0068653 [none]
[debug] [2025-09-07T22:12:25.221Z] <<< [apiv2][status] POST https://cloudfunctions.googleapis.com/v2/projects/purgo-1374e/locations/us-central1/functions 200
[debug] [2025-09-07T22:12:25.221Z] <<< [apiv2][body] POST https://cloudfunctions.googleapis.com/v2/projects/purgo-1374e/locations/us-central1/functions {"name":"projects/purgo-1374e/locations/us-central1/operations/operation-1757283144758-63e3d5d9cf4f2-546cdc5e-34a5c938","metadata":{"@type":"type.googleapis.com/google.cloud.functions.v2.OperationMetadata","createTime":"2025-09-07T22:12:25.264022758Z","target":"projects/purgo-1374e/locations/us-central1/functions/monthlyLeaderboardNotifications","verb":"create","cancelRequested":false,"apiVersion":"v2"},"done":false}
[debug] [2025-09-07T22:12:25.222Z] Checked if tokens are valid: true, expires at: 1757285273645
[debug] [2025-09-07T22:12:25.222Z] Checked if tokens are valid: true, expires at: 1757285273645
[debug] [2025-09-07T22:12:25.222Z] >>> [apiv2][query] GET https://cloudfunctions.googleapis.com/v2/projects/purgo-1374e/locations/us-central1/operations/operation-1757283144758-63e3d5d9cf4f2-546cdc5e-34a5c938 [none]
[debug] [2025-09-07T22:12:25.302Z] <<< [apiv2][status] GET https://cloudfunctions.googleapis.com/v2/projects/purgo-1374e/locations/us-central1/operations/operation-1757283144735-63e3d5d9c999f-ad5199e4-e0068653 200
[debug] [2025-09-07T22:12:25.302Z] <<< [apiv2][body] GET https://cloudfunctions.googleapis.com/v2/projects/purgo-1374e/locations/us-central1/operations/operation-1757283144735-63e3d5d9c999f-ad5199e4-e0068653 {"name":"projects/purgo-1374e/locations/us-central1/operations/operation-1757283144735-63e3d5d9c999f-ad5199e4-e0068653","metadata":{"@type":"type.googleapis.com/google.cloud.functions.v2.OperationMetadata","createTime":"2025-09-07T22:12:25.228197696Z","target":"projects/purgo-1374e/locations/us-central1/functions/weeklyLeaderboardNotifications","verb":"create","cancelRequested":false,"apiVersion":"v2"},"done":false}
[debug] [2025-09-07T22:12:25.586Z] <<< [apiv2][status] GET https://cloudfunctions.googleapis.com/v2/projects/purgo-1374e/locations/us-central1/operations/operation-1757283144758-63e3d5d9cf4f2-546cdc5e-34a5c938 200
[debug] [2025-09-07T22:12:25.587Z] <<< [apiv2][body] GET https://cloudfunctions.googleapis.com/v2/projects/purgo-1374e/locations/us-central1/operations/operation-1757283144758-63e3d5d9cf4f2-546cdc5e-34a5c938 {"name":"projects/purgo-1374e/locations/us-central1/operations/operation-1757283144758-63e3d5d9cf4f2-546cdc5e-34a5c938","metadata":{"@type":"type.googleapis.com/google.cloud.functions.v2.OperationMetadata","createTime":"2025-09-07T22:12:25.264022758Z","target":"projects/purgo-1374e/locations/us-central1/functions/monthlyLeaderboardNotifications","verb":"create","cancelRequested":false,"apiVersion":"v2","requestResource":{"@type":"type.googleapis.com/google.cloud.functions.v2.Function","name":"projects/purgo-1374e/locations/us-central1/functions/monthlyLeaderboardNotifications","buildConfig":{"runtime":"nodejs18","entryPoint":"monthlyLeaderboardNotifications","source":{"storageSource":{"bucket":"gcf-v2-sources-658074709437-us-central1","object":"monthlyLeaderboardNotifications/function-source.zip","generation":"1757283145002574"}},"environmentVariables":{"GOOGLE_NODE_RUN_SCRIPTS":""},"serviceAccount":"projects/purgo-1374e/serviceAccounts/658074709437-compute@developer.gserviceaccount.com","automaticUpdatePolicy":{}},"serviceConfig":{"service":"projects/purgo-1374e/locations/us-central1/services/monthlyleaderboardnotifications","timeoutSeconds":60,"environmentVariables":{"FIREBASE_CONFIG":"{\"projectId\":\"purgo-1374e\",\"storageBucket\":\"purgo-1374e.firebasestorage.app\"}","GCLOUD_PROJECT":"purgo-1374e","EVENTARC_CLOUD_EVENT_SOURCE":"projects/purgo-1374e/locations/us-central1/services/monthlyLeaderboardNotifications","FUNCTION_TARGET":"monthlyLeaderboardNotifications","LOG_EXECUTION_ID":"true"},"maxInstanceCount":10,"ingressSettings":"ALLOW_ALL","serviceAccountEmail":"658074709437-compute@developer.gserviceaccount.com","availableMemory":"256Mi","maxInstanceRequestConcurrency":80,"availableCpu":"1"},"labels":{"deployment-tool":"cli-firebase","deployment-scheduled":"true","firebase-functions-hash":"f74a2eea77621a28d54d70feb217efb4e08e81f7"},"environment":"GEN_2"},"stages":[{"name":"BUILD","state":"NOT_STARTED","stateMessages":[{"severity":"WARNING","type":"BuildAnalysisWarning","message":"Node.js 18 is no longer supported by the Node.js community as of 30 April, 2025. Node.js 18 will be decommissioned on 2025-10-30. As of 2025-10-30 you will no longer be able to deploy your Cloud Functions using nodejs18. We recommend you to upgrade to the latest version of Node.js as soon as possible."}]},{"name":"SERVICE","state":"NOT_STARTED"}],"operationType":"CREATE_FUNCTION"},"done":false}
[debug] [2025-09-07T22:12:25.805Z] [create-default-us-central1-weeklyLeaderboardNotifications] Retrying task index 0
[debug] [2025-09-07T22:12:25.806Z] Checked if tokens are valid: true, expires at: 1757285273645
[debug] [2025-09-07T22:12:25.806Z] Checked if tokens are valid: true, expires at: 1757285273645
[debug] [2025-09-07T22:12:25.806Z] >>> [apiv2][query] GET https://cloudfunctions.googleapis.com/v2/projects/purgo-1374e/locations/us-central1/operations/operation-1757283144735-63e3d5d9c999f-ad5199e4-e0068653 [none]
[debug] [2025-09-07T22:12:26.088Z] [create-default-us-central1-monthlyLeaderboardNotifications] Retrying task index 0
[debug] [2025-09-07T22:12:26.089Z] Checked if tokens are valid: true, expires at: 1757285273645
[debug] [2025-09-07T22:12:26.089Z] Checked if tokens are valid: true, expires at: 1757285273645
[debug] [2025-09-07T22:12:26.089Z] >>> [apiv2][query] GET https://cloudfunctions.googleapis.com/v2/projects/purgo-1374e/locations/us-central1/operations/operation-1757283144758-63e3d5d9cf4f2-546cdc5e-34a5c938 [none]
[debug] [2025-09-07T22:12:26.145Z] <<< [apiv2][status] GET https://cloudfunctions.googleapis.com/v2/projects/purgo-1374e/locations/us-central1/operations/operation-1757283144735-63e3d5d9c999f-ad5199e4-e0068653 200
[debug] [2025-09-07T22:12:26.145Z] <<< [apiv2][body] GET https://cloudfunctions.googleapis.com/v2/projects/purgo-1374e/locations/us-central1/operations/operation-1757283144735-63e3d5d9c999f-ad5199e4-e0068653 {"name":"projects/purgo-1374e/locations/us-central1/operations/operation-1757283144735-63e3d5d9c999f-ad5199e4-e0068653","metadata":{"@type":"type.googleapis.com/google.cloud.functions.v2.OperationMetadata","createTime":"2025-09-07T22:12:25.228197696Z","target":"projects/purgo-1374e/locations/us-central1/functions/weeklyLeaderboardNotifications","verb":"create","cancelRequested":false,"apiVersion":"v2","requestResource":{"@type":"type.googleapis.com/google.cloud.functions.v2.Function","name":"projects/purgo-1374e/locations/us-central1/functions/weeklyLeaderboardNotifications","buildConfig":{"runtime":"nodejs18","entryPoint":"weeklyLeaderboardNotifications","source":{"storageSource":{"bucket":"gcf-v2-sources-658074709437-us-central1","object":"weeklyLeaderboardNotifications/function-source.zip","generation":"1757283144992696"}},"environmentVariables":{"GOOGLE_NODE_RUN_SCRIPTS":""},"serviceAccount":"projects/purgo-1374e/serviceAccounts/658074709437-compute@developer.gserviceaccount.com","automaticUpdatePolicy":{}},"serviceConfig":{"service":"projects/purgo-1374e/locations/us-central1/services/weeklyleaderboardnotifications","timeoutSeconds":60,"environmentVariables":{"FIREBASE_CONFIG":"{\"projectId\":\"purgo-1374e\",\"storageBucket\":\"purgo-1374e.firebasestorage.app\"}","GCLOUD_PROJECT":"purgo-1374e","EVENTARC_CLOUD_EVENT_SOURCE":"projects/purgo-1374e/locations/us-central1/services/weeklyLeaderboardNotifications","FUNCTION_TARGET":"weeklyLeaderboardNotifications","LOG_EXECUTION_ID":"true"},"maxInstanceCount":10,"ingressSettings":"ALLOW_ALL","serviceAccountEmail":"658074709437-compute@developer.gserviceaccount.com","availableMemory":"256Mi","maxInstanceRequestConcurrency":80,"availableCpu":"1"},"labels":{"deployment-tool":"cli-firebase","deployment-scheduled":"true","firebase-functions-hash":"f74a2eea77621a28d54d70feb217efb4e08e81f7"},"environment":"GEN_2"},"stages":[{"name":"BUILD","state":"NOT_STARTED","stateMessages":[{"severity":"WARNING","type":"BuildAnalysisWarning","message":"Node.js 18 is no longer supported by the Node.js community as of 30 April, 2025. Node.js 18 will be decommissioned on 2025-10-30. As of 2025-10-30 you will no longer be able to deploy your Cloud Functions using nodejs18. We recommend you to upgrade to the latest version of Node.js as soon as possible."}]},{"name":"SERVICE","state":"NOT_STARTED"}],"operationType":"CREATE_FUNCTION"},"done":false}
[debug] [2025-09-07T22:12:26.407Z] <<< [apiv2][status] GET https://cloudfunctions.googleapis.com/v2/projects/purgo-1374e/locations/us-central1/operations/operation-1757283144758-63e3d5d9cf4f2-546cdc5e-34a5c938 200
[debug] [2025-09-07T22:12:26.407Z] <<< [apiv2][body] GET https://cloudfunctions.googleapis.com/v2/projects/purgo-1374e/locations/us-central1/operations/operation-1757283144758-63e3d5d9cf4f2-546cdc5e-34a5c938 {"name":"projects/purgo-1374e/locations/us-central1/operations/operation-1757283144758-63e3d5d9cf4f2-546cdc5e-34a5c938","metadata":{"@type":"type.googleapis.com/google.cloud.functions.v2.OperationMetadata","createTime":"2025-09-07T22:12:25.264022758Z","target":"projects/purgo-1374e/locations/us-central1/functions/monthlyLeaderboardNotifications","verb":"create","cancelRequested":false,"apiVersion":"v2","requestResource":{"@type":"type.googleapis.com/google.cloud.functions.v2.Function","name":"projects/purgo-1374e/locations/us-central1/functions/monthlyLeaderboardNotifications","buildConfig":{"runtime":"nodejs18","entryPoint":"monthlyLeaderboardNotifications","source":{"storageSource":{"bucket":"gcf-v2-sources-658074709437-us-central1","object":"monthlyLeaderboardNotifications/function-source.zip","generation":"1757283145002574"}},"environmentVariables":{"GOOGLE_NODE_RUN_SCRIPTS":""},"serviceAccount":"projects/purgo-1374e/serviceAccounts/658074709437-compute@developer.gserviceaccount.com","automaticUpdatePolicy":{}},"serviceConfig":{"service":"projects/purgo-1374e/locations/us-central1/services/monthlyleaderboardnotifications","timeoutSeconds":60,"environmentVariables":{"FIREBASE_CONFIG":"{\"projectId\":\"purgo-1374e\",\"storageBucket\":\"purgo-1374e.firebasestorage.app\"}","GCLOUD_PROJECT":"purgo-1374e","EVENTARC_CLOUD_EVENT_SOURCE":"projects/purgo-1374e/locations/us-central1/services/monthlyLeaderboardNotifications","FUNCTION_TARGET":"monthlyLeaderboardNotifications","LOG_EXECUTION_ID":"true"},"maxInstanceCount":10,"ingressSettings":"ALLOW_ALL","serviceAccountEmail":"658074709437-compute@developer.gserviceaccount.com","availableMemory":"256Mi","maxInstanceRequestConcurrency":80,"availableCpu":"1"},"labels":{"deployment-tool":"cli-firebase","deployment-scheduled":"true","firebase-functions-hash":"f74a2eea77621a28d54d70feb217efb4e08e81f7"},"environment":"GEN_2"},"stages":[{"name":"BUILD","message":"Creating build","state":"IN_PROGRESS","resource":"projects/658074709437/locations/us-central1/builds/2d6ba71c-756a-4241-bba0-035b86115e9c","resourceUri":"https://console.cloud.google.com/cloud-build/builds;region=us-central1/2d6ba71c-756a-4241-bba0-035b86115e9c?project=658074709437"},{"name":"SERVICE","state":"NOT_STARTED"}],"operationType":"CREATE_FUNCTION","buildName":"projects/658074709437/locations/us-central1/builds/2d6ba71c-756a-4241-bba0-035b86115e9c"},"done":false}
[debug] [2025-09-07T22:12:27.146Z] [create-default-us-central1-weeklyLeaderboardNotifications] Retrying task index 0
[debug] [2025-09-07T22:12:27.147Z] Checked if tokens are valid: true, expires at: 1757285273645
[debug] [2025-09-07T22:12:27.147Z] Checked if tokens are valid: true, expires at: 1757285273645
[debug] [2025-09-07T22:12:27.148Z] >>> [apiv2][query] GET https://cloudfunctions.googleapis.com/v2/projects/purgo-1374e/locations/us-central1/operations/operation-1757283144735-63e3d5d9c999f-ad5199e4-e0068653 [none]
[debug] [2025-09-07T22:12:27.410Z] [create-default-us-central1-monthlyLeaderboardNotifications] Retrying task index 0
[debug] [2025-09-07T22:12:27.411Z] Checked if tokens are valid: true, expires at: 1757285273645
[debug] [2025-09-07T22:12:27.411Z] Checked if tokens are valid: true, expires at: 1757285273645
[debug] [2025-09-07T22:12:27.411Z] >>> [apiv2][query] GET https://cloudfunctions.googleapis.com/v2/projects/purgo-1374e/locations/us-central1/operations/operation-1757283144758-63e3d5d9cf4f2-546cdc5e-34a5c938 [none]
[debug] [2025-09-07T22:12:27.452Z] <<< [apiv2][status] GET https://cloudfunctions.googleapis.com/v2/projects/purgo-1374e/locations/us-central1/operations/operation-1757283144735-63e3d5d9c999f-ad5199e4-e0068653 200
[debug] [2025-09-07T22:12:27.452Z] <<< [apiv2][body] GET https://cloudfunctions.googleapis.com/v2/projects/purgo-1374e/locations/us-central1/operations/operation-1757283144735-63e3d5d9c999f-ad5199e4-e0068653 {"name":"projects/purgo-1374e/locations/us-central1/operations/operation-1757283144735-63e3d5d9c999f-ad5199e4-e0068653","metadata":{"@type":"type.googleapis.com/google.cloud.functions.v2.OperationMetadata","createTime":"2025-09-07T22:12:25.228197696Z","target":"projects/purgo-1374e/locations/us-central1/functions/weeklyLeaderboardNotifications","verb":"create","cancelRequested":false,"apiVersion":"v2","requestResource":{"@type":"type.googleapis.com/google.cloud.functions.v2.Function","name":"projects/purgo-1374e/locations/us-central1/functions/weeklyLeaderboardNotifications","buildConfig":{"runtime":"nodejs18","entryPoint":"weeklyLeaderboardNotifications","source":{"storageSource":{"bucket":"gcf-v2-sources-658074709437-us-central1","object":"weeklyLeaderboardNotifications/function-source.zip","generation":"1757283144992696"}},"environmentVariables":{"GOOGLE_NODE_RUN_SCRIPTS":""},"serviceAccount":"projects/purgo-1374e/serviceAccounts/658074709437-compute@developer.gserviceaccount.com","automaticUpdatePolicy":{}},"serviceConfig":{"service":"projects/purgo-1374e/locations/us-central1/services/weeklyleaderboardnotifications","timeoutSeconds":60,"environmentVariables":{"FIREBASE_CONFIG":"{\"projectId\":\"purgo-1374e\",\"storageBucket\":\"purgo-1374e.firebasestorage.app\"}","GCLOUD_PROJECT":"purgo-1374e","EVENTARC_CLOUD_EVENT_SOURCE":"projects/purgo-1374e/locations/us-central1/services/weeklyLeaderboardNotifications","FUNCTION_TARGET":"weeklyLeaderboardNotifications","LOG_EXECUTION_ID":"true"},"maxInstanceCount":10,"ingressSettings":"ALLOW_ALL","serviceAccountEmail":"658074709437-compute@developer.gserviceaccount.com","availableMemory":"256Mi","maxInstanceRequestConcurrency":80,"availableCpu":"1"},"labels":{"deployment-tool":"cli-firebase","deployment-scheduled":"true","firebase-functions-hash":"f74a2eea77621a28d54d70feb217efb4e08e81f7"},"environment":"GEN_2"},"stages":[{"name":"BUILD","state":"NOT_STARTED","stateMessages":[{"severity":"WARNING","type":"BuildAnalysisWarning","message":"Node.js 18 is no longer supported by the Node.js community as of 30 April, 2025. Node.js 18 will be decommissioned on 2025-10-30. As of 2025-10-30 you will no longer be able to deploy your Cloud Functions using nodejs18. We recommend you to upgrade to the latest version of Node.js as soon as possible."}]},{"name":"SERVICE","state":"NOT_STARTED"}],"operationType":"CREATE_FUNCTION"},"done":false}
[debug] [2025-09-07T22:12:27.749Z] <<< [apiv2][status] GET https://cloudfunctions.googleapis.com/v2/projects/purgo-1374e/locations/us-central1/operations/operation-1757283144758-63e3d5d9cf4f2-546cdc5e-34a5c938 200
[debug] [2025-09-07T22:12:27.749Z] <<< [apiv2][body] GET https://cloudfunctions.googleapis.com/v2/projects/purgo-1374e/locations/us-central1/operations/operation-1757283144758-63e3d5d9cf4f2-546cdc5e-34a5c938 {"name":"projects/purgo-1374e/locations/us-central1/operations/operation-1757283144758-63e3d5d9cf4f2-546cdc5e-34a5c938","metadata":{"@type":"type.googleapis.com/google.cloud.functions.v2.OperationMetadata","createTime":"2025-09-07T22:12:25.264022758Z","target":"projects/purgo-1374e/locations/us-central1/functions/monthlyLeaderboardNotifications","verb":"create","cancelRequested":false,"apiVersion":"v2","requestResource":{"@type":"type.googleapis.com/google.cloud.functions.v2.Function","name":"projects/purgo-1374e/locations/us-central1/functions/monthlyLeaderboardNotifications","buildConfig":{"runtime":"nodejs18","entryPoint":"monthlyLeaderboardNotifications","source":{"storageSource":{"bucket":"gcf-v2-sources-658074709437-us-central1","object":"monthlyLeaderboardNotifications/function-source.zip","generation":"1757283145002574"}},"environmentVariables":{"GOOGLE_NODE_RUN_SCRIPTS":""},"serviceAccount":"projects/purgo-1374e/serviceAccounts/658074709437-compute@developer.gserviceaccount.com","automaticUpdatePolicy":{}},"serviceConfig":{"service":"projects/purgo-1374e/locations/us-central1/services/monthlyleaderboardnotifications","timeoutSeconds":60,"environmentVariables":{"FIREBASE_CONFIG":"{\"projectId\":\"purgo-1374e\",\"storageBucket\":\"purgo-1374e.firebasestorage.app\"}","GCLOUD_PROJECT":"purgo-1374e","EVENTARC_CLOUD_EVENT_SOURCE":"projects/purgo-1374e/locations/us-central1/services/monthlyLeaderboardNotifications","FUNCTION_TARGET":"monthlyLeaderboardNotifications","LOG_EXECUTION_ID":"true"},"maxInstanceCount":10,"ingressSettings":"ALLOW_ALL","serviceAccountEmail":"658074709437-compute@developer.gserviceaccount.com","availableMemory":"256Mi","maxInstanceRequestConcurrency":80,"availableCpu":"1"},"labels":{"deployment-tool":"cli-firebase","deployment-scheduled":"true","firebase-functions-hash":"f74a2eea77621a28d54d70feb217efb4e08e81f7"},"environment":"GEN_2"},"stages":[{"name":"BUILD","message":"Build in progress","state":"IN_PROGRESS","resource":"projects/658074709437/locations/us-central1/builds/2d6ba71c-756a-4241-bba0-035b86115e9c","resourceUri":"https://console.cloud.google.com/cloud-build/builds;region=us-central1/2d6ba71c-756a-4241-bba0-035b86115e9c?project=658074709437"},{"name":"SERVICE","state":"NOT_STARTED"}],"operationType":"CREATE_FUNCTION","buildName":"projects/658074709437/locations/us-central1/builds/2d6ba71c-756a-4241-bba0-035b86115e9c"},"done":false}
[debug] [2025-09-07T22:12:29.453Z] [create-default-us-central1-weeklyLeaderboardNotifications] Retrying task index 0
[debug] [2025-09-07T22:12:29.454Z] Checked if tokens are valid: true, expires at: 1757285273645
[debug] [2025-09-07T22:12:29.454Z] Checked if tokens are valid: true, expires at: 1757285273645
[debug] [2025-09-07T22:12:29.455Z] >>> [apiv2][query] GET https://cloudfunctions.googleapis.com/v2/projects/purgo-1374e/locations/us-central1/operations/operation-1757283144735-63e3d5d9c999f-ad5199e4-e0068653 [none]
[debug] [2025-09-07T22:12:29.750Z] [create-default-us-central1-monthlyLeaderboardNotifications] Retrying task index 0
[debug] [2025-09-07T22:12:29.751Z] Checked if tokens are valid: true, expires at: 1757285273645
[debug] [2025-09-07T22:12:29.751Z] Checked if tokens are valid: true, expires at: 1757285273645
[debug] [2025-09-07T22:12:29.751Z] >>> [apiv2][query] GET https://cloudfunctions.googleapis.com/v2/projects/purgo-1374e/locations/us-central1/operations/operation-1757283144758-63e3d5d9cf4f2-546cdc5e-34a5c938 [none]
[debug] [2025-09-07T22:12:29.762Z] <<< [apiv2][status] GET https://cloudfunctions.googleapis.com/v2/projects/purgo-1374e/locations/us-central1/operations/operation-1757283144735-63e3d5d9c999f-ad5199e4-e0068653 200
[debug] [2025-09-07T22:12:29.762Z] <<< [apiv2][body] GET https://cloudfunctions.googleapis.com/v2/projects/purgo-1374e/locations/us-central1/operations/operation-1757283144735-63e3d5d9c999f-ad5199e4-e0068653 {"name":"projects/purgo-1374e/locations/us-central1/operations/operation-1757283144735-63e3d5d9c999f-ad5199e4-e0068653","metadata":{"@type":"type.googleapis.com/google.cloud.functions.v2.OperationMetadata","createTime":"2025-09-07T22:12:25.228197696Z","target":"projects/purgo-1374e/locations/us-central1/functions/weeklyLeaderboardNotifications","verb":"create","cancelRequested":false,"apiVersion":"v2","requestResource":{"@type":"type.googleapis.com/google.cloud.functions.v2.Function","name":"projects/purgo-1374e/locations/us-central1/functions/weeklyLeaderboardNotifications","buildConfig":{"runtime":"nodejs18","entryPoint":"weeklyLeaderboardNotifications","source":{"storageSource":{"bucket":"gcf-v2-sources-658074709437-us-central1","object":"weeklyLeaderboardNotifications/function-source.zip","generation":"1757283144992696"}},"environmentVariables":{"GOOGLE_NODE_RUN_SCRIPTS":""},"serviceAccount":"projects/purgo-1374e/serviceAccounts/658074709437-compute@developer.gserviceaccount.com","automaticUpdatePolicy":{}},"serviceConfig":{"service":"projects/purgo-1374e/locations/us-central1/services/weeklyleaderboardnotifications","timeoutSeconds":60,"environmentVariables":{"FIREBASE_CONFIG":"{\"projectId\":\"purgo-1374e\",\"storageBucket\":\"purgo-1374e.firebasestorage.app\"}","GCLOUD_PROJECT":"purgo-1374e","EVENTARC_CLOUD_EVENT_SOURCE":"projects/purgo-1374e/locations/us-central1/services/weeklyLeaderboardNotifications","FUNCTION_TARGET":"weeklyLeaderboardNotifications","LOG_EXECUTION_ID":"true"},"maxInstanceCount":10,"ingressSettings":"ALLOW_ALL","serviceAccountEmail":"658074709437-compute@developer.gserviceaccount.com","availableMemory":"256Mi","maxInstanceRequestConcurrency":80,"availableCpu":"1"},"labels":{"deployment-tool":"cli-firebase","deployment-scheduled":"true","firebase-functions-hash":"f74a2eea77621a28d54d70feb217efb4e08e81f7"},"environment":"GEN_2"},"stages":[{"name":"BUILD","state":"NOT_STARTED","stateMessages":[{"severity":"WARNING","type":"BuildAnalysisWarning","message":"Node.js 18 is no longer supported by the Node.js community as of 30 April, 2025. Node.js 18 will be decommissioned on 2025-10-30. As of 2025-10-30 you will no longer be able to deploy your Cloud Functions using nodejs18. We recommend you to upgrade to the latest version of Node.js as soon as possible."}]},{"name":"SERVICE","state":"NOT_STARTED"}],"operationType":"CREATE_FUNCTION"},"done":false}
[debug] [2025-09-07T22:12:29.867Z] <<< [apiv2][status] GET https://cloudfunctions.googleapis.com/v2/projects/purgo-1374e/locations/us-central1/operations/operation-1757283144758-63e3d5d9cf4f2-546cdc5e-34a5c938 200
[debug] [2025-09-07T22:12:29.867Z] <<< [apiv2][body] GET https://cloudfunctions.googleapis.com/v2/projects/purgo-1374e/locations/us-central1/operations/operation-1757283144758-63e3d5d9cf4f2-546cdc5e-34a5c938 {"name":"projects/purgo-1374e/locations/us-central1/operations/operation-1757283144758-63e3d5d9cf4f2-546cdc5e-34a5c938","metadata":{"@type":"type.googleapis.com/google.cloud.functions.v2.OperationMetadata","createTime":"2025-09-07T22:12:25.264022758Z","target":"projects/purgo-1374e/locations/us-central1/functions/monthlyLeaderboardNotifications","verb":"create","cancelRequested":false,"apiVersion":"v2","requestResource":{"@type":"type.googleapis.com/google.cloud.functions.v2.Function","name":"projects/purgo-1374e/locations/us-central1/functions/monthlyLeaderboardNotifications","buildConfig":{"runtime":"nodejs18","entryPoint":"monthlyLeaderboardNotifications","source":{"storageSource":{"bucket":"gcf-v2-sources-658074709437-us-central1","object":"monthlyLeaderboardNotifications/function-source.zip","generation":"1757283145002574"}},"environmentVariables":{"GOOGLE_NODE_RUN_SCRIPTS":""},"serviceAccount":"projects/purgo-1374e/serviceAccounts/658074709437-compute@developer.gserviceaccount.com","automaticUpdatePolicy":{}},"serviceConfig":{"service":"projects/purgo-1374e/locations/us-central1/services/monthlyleaderboardnotifications","timeoutSeconds":60,"environmentVariables":{"FIREBASE_CONFIG":"{\"projectId\":\"purgo-1374e\",\"storageBucket\":\"purgo-1374e.firebasestorage.app\"}","GCLOUD_PROJECT":"purgo-1374e","EVENTARC_CLOUD_EVENT_SOURCE":"projects/purgo-1374e/locations/us-central1/services/monthlyLeaderboardNotifications","FUNCTION_TARGET":"monthlyLeaderboardNotifications","LOG_EXECUTION_ID":"true"},"maxInstanceCount":10,"ingressSettings":"ALLOW_ALL","serviceAccountEmail":"658074709437-compute@developer.gserviceaccount.com","availableMemory":"256Mi","maxInstanceRequestConcurrency":80,"availableCpu":"1"},"labels":{"deployment-tool":"cli-firebase","deployment-scheduled":"true","firebase-functions-hash":"f74a2eea77621a28d54d70feb217efb4e08e81f7"},"environment":"GEN_2"},"stages":[{"name":"BUILD","message":"Build in progress","state":"IN_PROGRESS","resource":"projects/658074709437/locations/us-central1/builds/2d6ba71c-756a-4241-bba0-035b86115e9c","resourceUri":"https://console.cloud.google.com/cloud-build/builds;region=us-central1/2d6ba71c-756a-4241-bba0-035b86115e9c?project=658074709437"},{"name":"SERVICE","state":"NOT_STARTED"}],"operationType":"CREATE_FUNCTION","buildName":"projects/658074709437/locations/us-central1/builds/2d6ba71c-756a-4241-bba0-035b86115e9c"},"done":false}
[debug] [2025-09-07T22:12:33.763Z] [create-default-us-central1-weeklyLeaderboardNotifications] Retrying task index 0
[debug] [2025-09-07T22:12:33.764Z] Checked if tokens are valid: true, expires at: 1757285273645
[debug] [2025-09-07T22:12:33.764Z] Checked if tokens are valid: true, expires at: 1757285273645
[debug] [2025-09-07T22:12:33.764Z] >>> [apiv2][query] GET https://cloudfunctions.googleapis.com/v2/projects/purgo-1374e/locations/us-central1/operations/operation-1757283144735-63e3d5d9c999f-ad5199e4-e0068653 [none]
[debug] [2025-09-07T22:12:33.869Z] [create-default-us-central1-monthlyLeaderboardNotifications] Retrying task index 0
[debug] [2025-09-07T22:12:33.870Z] Checked if tokens are valid: true, expires at: 1757285273645
[debug] [2025-09-07T22:12:33.870Z] Checked if tokens are valid: true, expires at: 1757285273645
[debug] [2025-09-07T22:12:33.870Z] >>> [apiv2][query] GET https://cloudfunctions.googleapis.com/v2/projects/purgo-1374e/locations/us-central1/operations/operation-1757283144758-63e3d5d9cf4f2-546cdc5e-34a5c938 [none]
[debug] [2025-09-07T22:12:34.001Z] <<< [apiv2][status] GET https://cloudfunctions.googleapis.com/v2/projects/purgo-1374e/locations/us-central1/operations/operation-1757283144758-63e3d5d9cf4f2-546cdc5e-34a5c938 200
[debug] [2025-09-07T22:12:34.002Z] <<< [apiv2][body] GET https://cloudfunctions.googleapis.com/v2/projects/purgo-1374e/locations/us-central1/operations/operation-1757283144758-63e3d5d9cf4f2-546cdc5e-34a5c938 {"name":"projects/purgo-1374e/locations/us-central1/operations/operation-1757283144758-63e3d5d9cf4f2-546cdc5e-34a5c938","metadata":{"@type":"type.googleapis.com/google.cloud.functions.v2.OperationMetadata","createTime":"2025-09-07T22:12:25.264022758Z","target":"projects/purgo-1374e/locations/us-central1/functions/monthlyLeaderboardNotifications","verb":"create","cancelRequested":false,"apiVersion":"v2","requestResource":{"@type":"type.googleapis.com/google.cloud.functions.v2.Function","name":"projects/purgo-1374e/locations/us-central1/functions/monthlyLeaderboardNotifications","buildConfig":{"runtime":"nodejs18","entryPoint":"monthlyLeaderboardNotifications","source":{"storageSource":{"bucket":"gcf-v2-sources-658074709437-us-central1","object":"monthlyLeaderboardNotifications/function-source.zip","generation":"1757283145002574"}},"environmentVariables":{"GOOGLE_NODE_RUN_SCRIPTS":""},"serviceAccount":"projects/purgo-1374e/serviceAccounts/658074709437-compute@developer.gserviceaccount.com","automaticUpdatePolicy":{}},"serviceConfig":{"service":"projects/purgo-1374e/locations/us-central1/services/monthlyleaderboardnotifications","timeoutSeconds":60,"environmentVariables":{"FIREBASE_CONFIG":"{\"projectId\":\"purgo-1374e\",\"storageBucket\":\"purgo-1374e.firebasestorage.app\"}","GCLOUD_PROJECT":"purgo-1374e","EVENTARC_CLOUD_EVENT_SOURCE":"projects/purgo-1374e/locations/us-central1/services/monthlyLeaderboardNotifications","FUNCTION_TARGET":"monthlyLeaderboardNotifications","LOG_EXECUTION_ID":"true"},"maxInstanceCount":10,"ingressSettings":"ALLOW_ALL","serviceAccountEmail":"658074709437-compute@developer.gserviceaccount.com","availableMemory":"256Mi","maxInstanceRequestConcurrency":80,"availableCpu":"1"},"labels":{"deployment-tool":"cli-firebase","deployment-scheduled":"true","firebase-functions-hash":"f74a2eea77621a28d54d70feb217efb4e08e81f7"},"environment":"GEN_2"},"stages":[{"name":"BUILD","message":"Build in progress","state":"IN_PROGRESS","resource":"projects/658074709437/locations/us-central1/builds/2d6ba71c-756a-4241-bba0-035b86115e9c","resourceUri":"https://console.cloud.google.com/cloud-build/builds;region=us-central1/2d6ba71c-756a-4241-bba0-035b86115e9c?project=658074709437"},{"name":"SERVICE","state":"NOT_STARTED"}],"operationType":"CREATE_FUNCTION","buildName":"projects/658074709437/locations/us-central1/builds/2d6ba71c-756a-4241-bba0-035b86115e9c"},"done":false}
[debug] [2025-09-07T22:12:34.121Z] <<< [apiv2][status] GET https://cloudfunctions.googleapis.com/v2/projects/purgo-1374e/locations/us-central1/operations/operation-1757283144735-63e3d5d9c999f-ad5199e4-e0068653 200
[debug] [2025-09-07T22:12:34.121Z] <<< [apiv2][body] GET https://cloudfunctions.googleapis.com/v2/projects/purgo-1374e/locations/us-central1/operations/operation-1757283144735-63e3d5d9c999f-ad5199e4-e0068653 {"name":"projects/purgo-1374e/locations/us-central1/operations/operation-1757283144735-63e3d5d9c999f-ad5199e4-e0068653","metadata":{"@type":"type.googleapis.com/google.cloud.functions.v2.OperationMetadata","createTime":"2025-09-07T22:12:25.228197696Z","target":"projects/purgo-1374e/locations/us-central1/functions/weeklyLeaderboardNotifications","verb":"create","cancelRequested":false,"apiVersion":"v2","requestResource":{"@type":"type.googleapis.com/google.cloud.functions.v2.Function","name":"projects/purgo-1374e/locations/us-central1/functions/weeklyLeaderboardNotifications","buildConfig":{"runtime":"nodejs18","entryPoint":"weeklyLeaderboardNotifications","source":{"storageSource":{"bucket":"gcf-v2-sources-658074709437-us-central1","object":"weeklyLeaderboardNotifications/function-source.zip","generation":"1757283144992696"}},"environmentVariables":{"GOOGLE_NODE_RUN_SCRIPTS":""},"serviceAccount":"projects/purgo-1374e/serviceAccounts/658074709437-compute@developer.gserviceaccount.com","automaticUpdatePolicy":{}},"serviceConfig":{"service":"projects/purgo-1374e/locations/us-central1/services/weeklyleaderboardnotifications","timeoutSeconds":60,"environmentVariables":{"FIREBASE_CONFIG":"{\"projectId\":\"purgo-1374e\",\"storageBucket\":\"purgo-1374e.firebasestorage.app\"}","GCLOUD_PROJECT":"purgo-1374e","EVENTARC_CLOUD_EVENT_SOURCE":"projects/purgo-1374e/locations/us-central1/services/weeklyLeaderboardNotifications","FUNCTION_TARGET":"weeklyLeaderboardNotifications","LOG_EXECUTION_ID":"true"},"maxInstanceCount":10,"ingressSettings":"ALLOW_ALL","serviceAccountEmail":"658074709437-compute@developer.gserviceaccount.com","availableMemory":"256Mi","maxInstanceRequestConcurrency":80,"availableCpu":"1"},"labels":{"deployment-tool":"cli-firebase","deployment-scheduled":"true","firebase-functions-hash":"f74a2eea77621a28d54d70feb217efb4e08e81f7"},"environment":"GEN_2"},"stages":[{"name":"BUILD","state":"NOT_STARTED","stateMessages":[{"severity":"WARNING","type":"BuildAnalysisWarning","message":"Node.js 18 is no longer supported by the Node.js community as of 30 April, 2025. Node.js 18 will be decommissioned on 2025-10-30. As of 2025-10-30 you will no longer be able to deploy your Cloud Functions using nodejs18. We recommend you to upgrade to the latest version of Node.js as soon as possible."}]},{"name":"SERVICE","state":"NOT_STARTED"}],"operationType":"CREATE_FUNCTION"},"done":false}
[debug] [2025-09-07T22:12:42.003Z] [create-default-us-central1-monthlyLeaderboardNotifications] Retrying task index 0
[debug] [2025-09-07T22:12:42.004Z] Checked if tokens are valid: true, expires at: 1757285273645
[debug] [2025-09-07T22:12:42.004Z] Checked if tokens are valid: true, expires at: 1757285273645
[debug] [2025-09-07T22:12:42.004Z] >>> [apiv2][query] GET https://cloudfunctions.googleapis.com/v2/projects/purgo-1374e/locations/us-central1/operations/operation-1757283144758-63e3d5d9cf4f2-546cdc5e-34a5c938 [none]
[debug] [2025-09-07T22:12:42.122Z] [create-default-us-central1-weeklyLeaderboardNotifications] Retrying task index 0
[debug] [2025-09-07T22:12:42.123Z] Checked if tokens are valid: true, expires at: 1757285273645
[debug] [2025-09-07T22:12:42.123Z] Checked if tokens are valid: true, expires at: 1757285273645
[debug] [2025-09-07T22:12:42.123Z] >>> [apiv2][query] GET https://cloudfunctions.googleapis.com/v2/projects/purgo-1374e/locations/us-central1/operations/operation-1757283144735-63e3d5d9c999f-ad5199e4-e0068653 [none]
[debug] [2025-09-07T22:12:42.349Z] <<< [apiv2][status] GET https://cloudfunctions.googleapis.com/v2/projects/purgo-1374e/locations/us-central1/operations/operation-1757283144758-63e3d5d9cf4f2-546cdc5e-34a5c938 200
[debug] [2025-09-07T22:12:42.350Z] <<< [apiv2][body] GET https://cloudfunctions.googleapis.com/v2/projects/purgo-1374e/locations/us-central1/operations/operation-1757283144758-63e3d5d9cf4f2-546cdc5e-34a5c938 {"name":"projects/purgo-1374e/locations/us-central1/operations/operation-1757283144758-63e3d5d9cf4f2-546cdc5e-34a5c938","metadata":{"@type":"type.googleapis.com/google.cloud.functions.v2.OperationMetadata","createTime":"2025-09-07T22:12:25.264022758Z","target":"projects/purgo-1374e/locations/us-central1/functions/monthlyLeaderboardNotifications","verb":"create","cancelRequested":false,"apiVersion":"v2","requestResource":{"@type":"type.googleapis.com/google.cloud.functions.v2.Function","name":"projects/purgo-1374e/locations/us-central1/functions/monthlyLeaderboardNotifications","buildConfig":{"runtime":"nodejs18","entryPoint":"monthlyLeaderboardNotifications","source":{"storageSource":{"bucket":"gcf-v2-sources-658074709437-us-central1","object":"monthlyLeaderboardNotifications/function-source.zip","generation":"1757283145002574"}},"environmentVariables":{"GOOGLE_NODE_RUN_SCRIPTS":""},"serviceAccount":"projects/purgo-1374e/serviceAccounts/658074709437-compute@developer.gserviceaccount.com","automaticUpdatePolicy":{}},"serviceConfig":{"service":"projects/purgo-1374e/locations/us-central1/services/monthlyleaderboardnotifications","timeoutSeconds":60,"environmentVariables":{"FIREBASE_CONFIG":"{\"projectId\":\"purgo-1374e\",\"storageBucket\":\"purgo-1374e.firebasestorage.app\"}","GCLOUD_PROJECT":"purgo-1374e","EVENTARC_CLOUD_EVENT_SOURCE":"projects/purgo-1374e/locations/us-central1/services/monthlyLeaderboardNotifications","FUNCTION_TARGET":"monthlyLeaderboardNotifications","LOG_EXECUTION_ID":"true"},"maxInstanceCount":10,"ingressSettings":"ALLOW_ALL","serviceAccountEmail":"658074709437-compute@developer.gserviceaccount.com","availableMemory":"256Mi","maxInstanceRequestConcurrency":80,"availableCpu":"1"},"labels":{"deployment-tool":"cli-firebase","deployment-scheduled":"true","firebase-functions-hash":"f74a2eea77621a28d54d70feb217efb4e08e81f7"},"environment":"GEN_2"},"stages":[{"name":"BUILD","message":"Build in progress","state":"IN_PROGRESS","resource":"projects/658074709437/locations/us-central1/builds/2d6ba71c-756a-4241-bba0-035b86115e9c","resourceUri":"https://console.cloud.google.com/cloud-build/builds;region=us-central1/2d6ba71c-756a-4241-bba0-035b86115e9c?project=658074709437"},{"name":"SERVICE","state":"NOT_STARTED"}],"operationType":"CREATE_FUNCTION","buildName":"projects/658074709437/locations/us-central1/builds/2d6ba71c-756a-4241-bba0-035b86115e9c"},"done":false}
[debug] [2025-09-07T22:12:42.489Z] <<< [apiv2][status] GET https://cloudfunctions.googleapis.com/v2/projects/purgo-1374e/locations/us-central1/operations/operation-1757283144735-63e3d5d9c999f-ad5199e4-e0068653 200
[debug] [2025-09-07T22:12:42.489Z] <<< [apiv2][body] GET https://cloudfunctions.googleapis.com/v2/projects/purgo-1374e/locations/us-central1/operations/operation-1757283144735-63e3d5d9c999f-ad5199e4-e0068653 {"name":"projects/purgo-1374e/locations/us-central1/operations/operation-1757283144735-63e3d5d9c999f-ad5199e4-e0068653","metadata":{"@type":"type.googleapis.com/google.cloud.functions.v2.OperationMetadata","createTime":"2025-09-07T22:12:25.228197696Z","target":"projects/purgo-1374e/locations/us-central1/functions/weeklyLeaderboardNotifications","verb":"create","cancelRequested":false,"apiVersion":"v2","requestResource":{"@type":"type.googleapis.com/google.cloud.functions.v2.Function","name":"projects/purgo-1374e/locations/us-central1/functions/weeklyLeaderboardNotifications","buildConfig":{"runtime":"nodejs18","entryPoint":"weeklyLeaderboardNotifications","source":{"storageSource":{"bucket":"gcf-v2-sources-658074709437-us-central1","object":"weeklyLeaderboardNotifications/function-source.zip","generation":"1757283144992696"}},"environmentVariables":{"GOOGLE_NODE_RUN_SCRIPTS":""},"serviceAccount":"projects/purgo-1374e/serviceAccounts/658074709437-compute@developer.gserviceaccount.com","automaticUpdatePolicy":{}},"serviceConfig":{"service":"projects/purgo-1374e/locations/us-central1/services/weeklyleaderboardnotifications","timeoutSeconds":60,"environmentVariables":{"FIREBASE_CONFIG":"{\"projectId\":\"purgo-1374e\",\"storageBucket\":\"purgo-1374e.firebasestorage.app\"}","GCLOUD_PROJECT":"purgo-1374e","EVENTARC_CLOUD_EVENT_SOURCE":"projects/purgo-1374e/locations/us-central1/services/weeklyLeaderboardNotifications","FUNCTION_TARGET":"weeklyLeaderboardNotifications","LOG_EXECUTION_ID":"true"},"maxInstanceCount":10,"ingressSettings":"ALLOW_ALL","serviceAccountEmail":"658074709437-compute@developer.gserviceaccount.com","availableMemory":"256Mi","maxInstanceRequestConcurrency":80,"availableCpu":"1"},"labels":{"deployment-tool":"cli-firebase","deployment-scheduled":"true","firebase-functions-hash":"f74a2eea77621a28d54d70feb217efb4e08e81f7"},"environment":"GEN_2"},"stages":[{"name":"BUILD","message":"Build in progress","state":"IN_PROGRESS","resource":"projects/658074709437/locations/us-central1/builds/e28d601b-1ec5-4b6a-9ed0-59377e749109","resourceUri":"https://console.cloud.google.com/cloud-build/builds;region=us-central1/e28d601b-1ec5-4b6a-9ed0-59377e749109?project=658074709437"},{"name":"SERVICE","state":"NOT_STARTED"}],"operationType":"CREATE_FUNCTION","buildName":"projects/658074709437/locations/us-central1/builds/e28d601b-1ec5-4b6a-9ed0-59377e749109"},"done":false}
[debug] [2025-09-07T22:12:52.352Z] [create-default-us-central1-monthlyLeaderboardNotifications] Retrying task index 0
[debug] [2025-09-07T22:12:52.353Z] Checked if tokens are valid: true, expires at: 1757285273645
[debug] [2025-09-07T22:12:52.353Z] Checked if tokens are valid: true, expires at: 1757285273645
[debug] [2025-09-07T22:12:52.354Z] >>> [apiv2][query] GET https://cloudfunctions.googleapis.com/v2/projects/purgo-1374e/locations/us-central1/operations/operation-1757283144758-63e3d5d9cf4f2-546cdc5e-34a5c938 [none]
[debug] [2025-09-07T22:12:52.491Z] [create-default-us-central1-weeklyLeaderboardNotifications] Retrying task index 0
[debug] [2025-09-07T22:12:52.491Z] Checked if tokens are valid: true, expires at: 1757285273645
[debug] [2025-09-07T22:12:52.491Z] Checked if tokens are valid: true, expires at: 1757285273645
[debug] [2025-09-07T22:12:52.492Z] >>> [apiv2][query] GET https://cloudfunctions.googleapis.com/v2/projects/purgo-1374e/locations/us-central1/operations/operation-1757283144735-63e3d5d9c999f-ad5199e4-e0068653 [none]
[debug] [2025-09-07T22:12:52.656Z] <<< [apiv2][status] GET https://cloudfunctions.googleapis.com/v2/projects/purgo-1374e/locations/us-central1/operations/operation-1757283144735-63e3d5d9c999f-ad5199e4-e0068653 200
[debug] [2025-09-07T22:12:52.656Z] <<< [apiv2][body] GET https://cloudfunctions.googleapis.com/v2/projects/purgo-1374e/locations/us-central1/operations/operation-1757283144735-63e3d5d9c999f-ad5199e4-e0068653 {"name":"projects/purgo-1374e/locations/us-central1/operations/operation-1757283144735-63e3d5d9c999f-ad5199e4-e0068653","metadata":{"@type":"type.googleapis.com/google.cloud.functions.v2.OperationMetadata","createTime":"2025-09-07T22:12:25.228197696Z","target":"projects/purgo-1374e/locations/us-central1/functions/weeklyLeaderboardNotifications","verb":"create","cancelRequested":false,"apiVersion":"v2","requestResource":{"@type":"type.googleapis.com/google.cloud.functions.v2.Function","name":"projects/purgo-1374e/locations/us-central1/functions/weeklyLeaderboardNotifications","buildConfig":{"runtime":"nodejs18","entryPoint":"weeklyLeaderboardNotifications","source":{"storageSource":{"bucket":"gcf-v2-sources-658074709437-us-central1","object":"weeklyLeaderboardNotifications/function-source.zip","generation":"1757283144992696"}},"environmentVariables":{"GOOGLE_NODE_RUN_SCRIPTS":""},"serviceAccount":"projects/purgo-1374e/serviceAccounts/658074709437-compute@developer.gserviceaccount.com","automaticUpdatePolicy":{}},"serviceConfig":{"service":"projects/purgo-1374e/locations/us-central1/services/weeklyleaderboardnotifications","timeoutSeconds":60,"environmentVariables":{"FIREBASE_CONFIG":"{\"projectId\":\"purgo-1374e\",\"storageBucket\":\"purgo-1374e.firebasestorage.app\"}","GCLOUD_PROJECT":"purgo-1374e","EVENTARC_CLOUD_EVENT_SOURCE":"projects/purgo-1374e/locations/us-central1/services/weeklyLeaderboardNotifications","FUNCTION_TARGET":"weeklyLeaderboardNotifications","LOG_EXECUTION_ID":"true"},"maxInstanceCount":10,"ingressSettings":"ALLOW_ALL","serviceAccountEmail":"658074709437-compute@developer.gserviceaccount.com","availableMemory":"256Mi","maxInstanceRequestConcurrency":80,"availableCpu":"1"},"labels":{"deployment-tool":"cli-firebase","deployment-scheduled":"true","firebase-functions-hash":"f74a2eea77621a28d54d70feb217efb4e08e81f7"},"environment":"GEN_2"},"stages":[{"name":"BUILD","message":"Build in progress","state":"IN_PROGRESS","resource":"projects/658074709437/locations/us-central1/builds/e28d601b-1ec5-4b6a-9ed0-59377e749109","resourceUri":"https://console.cloud.google.com/cloud-build/builds;region=us-central1/e28d601b-1ec5-4b6a-9ed0-59377e749109?project=658074709437"},{"name":"SERVICE","state":"NOT_STARTED"}],"operationType":"CREATE_FUNCTION","buildName":"projects/658074709437/locations/us-central1/builds/e28d601b-1ec5-4b6a-9ed0-59377e749109"},"done":false}
[debug] [2025-09-07T22:12:52.729Z] <<< [apiv2][status] GET https://cloudfunctions.googleapis.com/v2/projects/purgo-1374e/locations/us-central1/operations/operation-1757283144758-63e3d5d9cf4f2-546cdc5e-34a5c938 200
[debug] [2025-09-07T22:12:52.729Z] <<< [apiv2][body] GET https://cloudfunctions.googleapis.com/v2/projects/purgo-1374e/locations/us-central1/operations/operation-1757283144758-63e3d5d9cf4f2-546cdc5e-34a5c938 {"name":"projects/purgo-1374e/locations/us-central1/operations/operation-1757283144758-63e3d5d9cf4f2-546cdc5e-34a5c938","metadata":{"@type":"type.googleapis.com/google.cloud.functions.v2.OperationMetadata","createTime":"2025-09-07T22:12:25.264022758Z","target":"projects/purgo-1374e/locations/us-central1/functions/monthlyLeaderboardNotifications","verb":"create","cancelRequested":false,"apiVersion":"v2","requestResource":{"@type":"type.googleapis.com/google.cloud.functions.v2.Function","name":"projects/purgo-1374e/locations/us-central1/functions/monthlyLeaderboardNotifications","buildConfig":{"runtime":"nodejs18","entryPoint":"monthlyLeaderboardNotifications","source":{"storageSource":{"bucket":"gcf-v2-sources-658074709437-us-central1","object":"monthlyLeaderboardNotifications/function-source.zip","generation":"1757283145002574"}},"environmentVariables":{"GOOGLE_NODE_RUN_SCRIPTS":""},"serviceAccount":"projects/purgo-1374e/serviceAccounts/658074709437-compute@developer.gserviceaccount.com","automaticUpdatePolicy":{}},"serviceConfig":{"service":"projects/purgo-1374e/locations/us-central1/services/monthlyleaderboardnotifications","timeoutSeconds":60,"environmentVariables":{"FIREBASE_CONFIG":"{\"projectId\":\"purgo-1374e\",\"storageBucket\":\"purgo-1374e.firebasestorage.app\"}","GCLOUD_PROJECT":"purgo-1374e","EVENTARC_CLOUD_EVENT_SOURCE":"projects/purgo-1374e/locations/us-central1/services/monthlyLeaderboardNotifications","FUNCTION_TARGET":"monthlyLeaderboardNotifications","LOG_EXECUTION_ID":"true"},"maxInstanceCount":10,"ingressSettings":"ALLOW_ALL","serviceAccountEmail":"658074709437-compute@developer.gserviceaccount.com","availableMemory":"256Mi","maxInstanceRequestConcurrency":80,"availableCpu":"1"},"labels":{"deployment-tool":"cli-firebase","deployment-scheduled":"true","firebase-functions-hash":"f74a2eea77621a28d54d70feb217efb4e08e81f7"},"environment":"GEN_2"},"stages":[{"name":"BUILD","message":"Build in progress","state":"IN_PROGRESS","resource":"projects/658074709437/locations/us-central1/builds/2d6ba71c-756a-4241-bba0-035b86115e9c","resourceUri":"https://console.cloud.google.com/cloud-build/builds;region=us-central1/2d6ba71c-756a-4241-bba0-035b86115e9c?project=658074709437"},{"name":"SERVICE","state":"NOT_STARTED"}],"operationType":"CREATE_FUNCTION","buildName":"projects/658074709437/locations/us-central1/builds/2d6ba71c-756a-4241-bba0-035b86115e9c"},"done":false}
[debug] [2025-09-07T22:13:02.658Z] [create-default-us-central1-weeklyLeaderboardNotifications] Retrying task index 0
[debug] [2025-09-07T22:13:02.658Z] Checked if tokens are valid: true, expires at: 1757285273645
[debug] [2025-09-07T22:13:02.658Z] Checked if tokens are valid: true, expires at: 1757285273645
[debug] [2025-09-07T22:13:02.659Z] >>> [apiv2][query] GET https://cloudfunctions.googleapis.com/v2/projects/purgo-1374e/locations/us-central1/operations/operation-1757283144735-63e3d5d9c999f-ad5199e4-e0068653 [none]
[debug] [2025-09-07T22:13:02.730Z] [create-default-us-central1-monthlyLeaderboardNotifications] Retrying task index 0
[debug] [2025-09-07T22:13:02.731Z] Checked if tokens are valid: true, expires at: 1757285273645
[debug] [2025-09-07T22:13:02.731Z] Checked if tokens are valid: true, expires at: 1757285273645
[debug] [2025-09-07T22:13:02.731Z] >>> [apiv2][query] GET https://cloudfunctions.googleapis.com/v2/projects/purgo-1374e/locations/us-central1/operations/operation-1757283144758-63e3d5d9cf4f2-546cdc5e-34a5c938 [none]
[debug] [2025-09-07T22:13:02.894Z] <<< [apiv2][status] GET https://cloudfunctions.googleapis.com/v2/projects/purgo-1374e/locations/us-central1/operations/operation-1757283144758-63e3d5d9cf4f2-546cdc5e-34a5c938 200
[debug] [2025-09-07T22:13:02.894Z] <<< [apiv2][body] GET https://cloudfunctions.googleapis.com/v2/projects/purgo-1374e/locations/us-central1/operations/operation-1757283144758-63e3d5d9cf4f2-546cdc5e-34a5c938 {"name":"projects/purgo-1374e/locations/us-central1/operations/operation-1757283144758-63e3d5d9cf4f2-546cdc5e-34a5c938","metadata":{"@type":"type.googleapis.com/google.cloud.functions.v2.OperationMetadata","createTime":"2025-09-07T22:12:25.264022758Z","target":"projects/purgo-1374e/locations/us-central1/functions/monthlyLeaderboardNotifications","verb":"create","cancelRequested":false,"apiVersion":"v2","requestResource":{"@type":"type.googleapis.com/google.cloud.functions.v2.Function","name":"projects/purgo-1374e/locations/us-central1/functions/monthlyLeaderboardNotifications","buildConfig":{"runtime":"nodejs18","entryPoint":"monthlyLeaderboardNotifications","source":{"storageSource":{"bucket":"gcf-v2-sources-658074709437-us-central1","object":"monthlyLeaderboardNotifications/function-source.zip","generation":"1757283145002574"}},"environmentVariables":{"GOOGLE_NODE_RUN_SCRIPTS":""},"serviceAccount":"projects/purgo-1374e/serviceAccounts/658074709437-compute@developer.gserviceaccount.com","automaticUpdatePolicy":{}},"serviceConfig":{"service":"projects/purgo-1374e/locations/us-central1/services/monthlyleaderboardnotifications","timeoutSeconds":60,"environmentVariables":{"FIREBASE_CONFIG":"{\"projectId\":\"purgo-1374e\",\"storageBucket\":\"purgo-1374e.firebasestorage.app\"}","GCLOUD_PROJECT":"purgo-1374e","EVENTARC_CLOUD_EVENT_SOURCE":"projects/purgo-1374e/locations/us-central1/services/monthlyLeaderboardNotifications","FUNCTION_TARGET":"monthlyLeaderboardNotifications","LOG_EXECUTION_ID":"true"},"maxInstanceCount":10,"ingressSettings":"ALLOW_ALL","serviceAccountEmail":"658074709437-compute@developer.gserviceaccount.com","availableMemory":"256Mi","maxInstanceRequestConcurrency":80,"availableCpu":"1"},"labels":{"deployment-tool":"cli-firebase","deployment-scheduled":"true","firebase-functions-hash":"f74a2eea77621a28d54d70feb217efb4e08e81f7"},"environment":"GEN_2"},"stages":[{"name":"BUILD","message":"Build in progress","state":"IN_PROGRESS","resource":"projects/658074709437/locations/us-central1/builds/2d6ba71c-756a-4241-bba0-035b86115e9c","resourceUri":"https://console.cloud.google.com/cloud-build/builds;region=us-central1/2d6ba71c-756a-4241-bba0-035b86115e9c?project=658074709437"},{"name":"SERVICE","state":"NOT_STARTED"}],"operationType":"CREATE_FUNCTION","buildName":"projects/658074709437/locations/us-central1/builds/2d6ba71c-756a-4241-bba0-035b86115e9c"},"done":false}
[debug] [2025-09-07T22:13:03.008Z] <<< [apiv2][status] GET https://cloudfunctions.googleapis.com/v2/projects/purgo-1374e/locations/us-central1/operations/operation-1757283144735-63e3d5d9c999f-ad5199e4-e0068653 200
[debug] [2025-09-07T22:13:03.008Z] <<< [apiv2][body] GET https://cloudfunctions.googleapis.com/v2/projects/purgo-1374e/locations/us-central1/operations/operation-1757283144735-63e3d5d9c999f-ad5199e4-e0068653 {"name":"projects/purgo-1374e/locations/us-central1/operations/operation-1757283144735-63e3d5d9c999f-ad5199e4-e0068653","metadata":{"@type":"type.googleapis.com/google.cloud.functions.v2.OperationMetadata","createTime":"2025-09-07T22:12:25.228197696Z","target":"projects/purgo-1374e/locations/us-central1/functions/weeklyLeaderboardNotifications","verb":"create","cancelRequested":false,"apiVersion":"v2","requestResource":{"@type":"type.googleapis.com/google.cloud.functions.v2.Function","name":"projects/purgo-1374e/locations/us-central1/functions/weeklyLeaderboardNotifications","buildConfig":{"runtime":"nodejs18","entryPoint":"weeklyLeaderboardNotifications","source":{"storageSource":{"bucket":"gcf-v2-sources-658074709437-us-central1","object":"weeklyLeaderboardNotifications/function-source.zip","generation":"1757283144992696"}},"environmentVariables":{"GOOGLE_NODE_RUN_SCRIPTS":""},"serviceAccount":"projects/purgo-1374e/serviceAccounts/658074709437-compute@developer.gserviceaccount.com","automaticUpdatePolicy":{}},"serviceConfig":{"service":"projects/purgo-1374e/locations/us-central1/services/weeklyleaderboardnotifications","timeoutSeconds":60,"environmentVariables":{"FIREBASE_CONFIG":"{\"projectId\":\"purgo-1374e\",\"storageBucket\":\"purgo-1374e.firebasestorage.app\"}","GCLOUD_PROJECT":"purgo-1374e","EVENTARC_CLOUD_EVENT_SOURCE":"projects/purgo-1374e/locations/us-central1/services/weeklyLeaderboardNotifications","FUNCTION_TARGET":"weeklyLeaderboardNotifications","LOG_EXECUTION_ID":"true"},"maxInstanceCount":10,"ingressSettings":"ALLOW_ALL","serviceAccountEmail":"658074709437-compute@developer.gserviceaccount.com","availableMemory":"256Mi","maxInstanceRequestConcurrency":80,"availableCpu":"1"},"labels":{"deployment-tool":"cli-firebase","deployment-scheduled":"true","firebase-functions-hash":"f74a2eea77621a28d54d70feb217efb4e08e81f7"},"environment":"GEN_2"},"stages":[{"name":"BUILD","message":"Build in progress","state":"IN_PROGRESS","resource":"projects/658074709437/locations/us-central1/builds/e28d601b-1ec5-4b6a-9ed0-59377e749109","resourceUri":"https://console.cloud.google.com/cloud-build/builds;region=us-central1/e28d601b-1ec5-4b6a-9ed0-59377e749109?project=658074709437"},{"name":"SERVICE","state":"NOT_STARTED"}],"operationType":"CREATE_FUNCTION","buildName":"projects/658074709437/locations/us-central1/builds/e28d601b-1ec5-4b6a-9ed0-59377e749109"},"done":false}
[debug] [2025-09-07T22:13:12.896Z] [create-default-us-central1-monthlyLeaderboardNotifications] Retrying task index 0
[debug] [2025-09-07T22:13:12.896Z] Checked if tokens are valid: true, expires at: 1757285273645
[debug] [2025-09-07T22:13:12.897Z] Checked if tokens are valid: true, expires at: 1757285273645
[debug] [2025-09-07T22:13:12.897Z] >>> [apiv2][query] GET https://cloudfunctions.googleapis.com/v2/projects/purgo-1374e/locations/us-central1/operations/operation-1757283144758-63e3d5d9cf4f2-546cdc5e-34a5c938 [none]
[debug] [2025-09-07T22:13:13.009Z] [create-default-us-central1-weeklyLeaderboardNotifications] Retrying task index 0
[debug] [2025-09-07T22:13:13.009Z] Checked if tokens are valid: true, expires at: 1757285273645
[debug] [2025-09-07T22:13:13.010Z] Checked if tokens are valid: true, expires at: 1757285273645
[debug] [2025-09-07T22:13:13.010Z] >>> [apiv2][query] GET https://cloudfunctions.googleapis.com/v2/projects/purgo-1374e/locations/us-central1/operations/operation-1757283144735-63e3d5d9c999f-ad5199e4-e0068653 [none]
[debug] [2025-09-07T22:13:13.258Z] <<< [apiv2][status] GET https://cloudfunctions.googleapis.com/v2/projects/purgo-1374e/locations/us-central1/operations/operation-1757283144758-63e3d5d9cf4f2-546cdc5e-34a5c938 200
[debug] [2025-09-07T22:13:13.259Z] <<< [apiv2][body] GET https://cloudfunctions.googleapis.com/v2/projects/purgo-1374e/locations/us-central1/operations/operation-1757283144758-63e3d5d9cf4f2-546cdc5e-34a5c938 {"name":"projects/purgo-1374e/locations/us-central1/operations/operation-1757283144758-63e3d5d9cf4f2-546cdc5e-34a5c938","metadata":{"@type":"type.googleapis.com/google.cloud.functions.v2.OperationMetadata","createTime":"2025-09-07T22:12:25.264022758Z","target":"projects/purgo-1374e/locations/us-central1/functions/monthlyLeaderboardNotifications","verb":"create","cancelRequested":false,"apiVersion":"v2","requestResource":{"@type":"type.googleapis.com/google.cloud.functions.v2.Function","name":"projects/purgo-1374e/locations/us-central1/functions/monthlyLeaderboardNotifications","buildConfig":{"runtime":"nodejs18","entryPoint":"monthlyLeaderboardNotifications","source":{"storageSource":{"bucket":"gcf-v2-sources-658074709437-us-central1","object":"monthlyLeaderboardNotifications/function-source.zip","generation":"1757283145002574"}},"environmentVariables":{"GOOGLE_NODE_RUN_SCRIPTS":""},"serviceAccount":"projects/purgo-1374e/serviceAccounts/658074709437-compute@developer.gserviceaccount.com","automaticUpdatePolicy":{}},"serviceConfig":{"service":"projects/purgo-1374e/locations/us-central1/services/monthlyleaderboardnotifications","timeoutSeconds":60,"environmentVariables":{"FIREBASE_CONFIG":"{\"projectId\":\"purgo-1374e\",\"storageBucket\":\"purgo-1374e.firebasestorage.app\"}","GCLOUD_PROJECT":"purgo-1374e","EVENTARC_CLOUD_EVENT_SOURCE":"projects/purgo-1374e/locations/us-central1/services/monthlyLeaderboardNotifications","FUNCTION_TARGET":"monthlyLeaderboardNotifications","LOG_EXECUTION_ID":"true"},"maxInstanceCount":10,"ingressSettings":"ALLOW_ALL","serviceAccountEmail":"658074709437-compute@developer.gserviceaccount.com","availableMemory":"256Mi","maxInstanceRequestConcurrency":80,"availableCpu":"1"},"labels":{"deployment-tool":"cli-firebase","deployment-scheduled":"true","firebase-functions-hash":"f74a2eea77621a28d54d70feb217efb4e08e81f7"},"environment":"GEN_2"},"stages":[{"name":"BUILD","message":"Build in progress","state":"IN_PROGRESS","resource":"projects/658074709437/locations/us-central1/builds/2d6ba71c-756a-4241-bba0-035b86115e9c","resourceUri":"https://console.cloud.google.com/cloud-build/builds;region=us-central1/2d6ba71c-756a-4241-bba0-035b86115e9c?project=658074709437"},{"name":"SERVICE","state":"NOT_STARTED"}],"operationType":"CREATE_FUNCTION","buildName":"projects/658074709437/locations/us-central1/builds/2d6ba71c-756a-4241-bba0-035b86115e9c"},"done":false}
[debug] [2025-09-07T22:13:13.365Z] <<< [apiv2][status] GET https://cloudfunctions.googleapis.com/v2/projects/purgo-1374e/locations/us-central1/operations/operation-1757283144735-63e3d5d9c999f-ad5199e4-e0068653 200
[debug] [2025-09-07T22:13:13.365Z] <<< [apiv2][body] GET https://cloudfunctions.googleapis.com/v2/projects/purgo-1374e/locations/us-central1/operations/operation-1757283144735-63e3d5d9c999f-ad5199e4-e0068653 {"name":"projects/purgo-1374e/locations/us-central1/operations/operation-1757283144735-63e3d5d9c999f-ad5199e4-e0068653","metadata":{"@type":"type.googleapis.com/google.cloud.functions.v2.OperationMetadata","createTime":"2025-09-07T22:12:25.228197696Z","target":"projects/purgo-1374e/locations/us-central1/functions/weeklyLeaderboardNotifications","verb":"create","cancelRequested":false,"apiVersion":"v2","requestResource":{"@type":"type.googleapis.com/google.cloud.functions.v2.Function","name":"projects/purgo-1374e/locations/us-central1/functions/weeklyLeaderboardNotifications","buildConfig":{"runtime":"nodejs18","entryPoint":"weeklyLeaderboardNotifications","source":{"storageSource":{"bucket":"gcf-v2-sources-658074709437-us-central1","object":"weeklyLeaderboardNotifications/function-source.zip","generation":"1757283144992696"}},"environmentVariables":{"GOOGLE_NODE_RUN_SCRIPTS":""},"serviceAccount":"projects/purgo-1374e/serviceAccounts/658074709437-compute@developer.gserviceaccount.com","automaticUpdatePolicy":{}},"serviceConfig":{"service":"projects/purgo-1374e/locations/us-central1/services/weeklyleaderboardnotifications","timeoutSeconds":60,"environmentVariables":{"FIREBASE_CONFIG":"{\"projectId\":\"purgo-1374e\",\"storageBucket\":\"purgo-1374e.firebasestorage.app\"}","GCLOUD_PROJECT":"purgo-1374e","EVENTARC_CLOUD_EVENT_SOURCE":"projects/purgo-1374e/locations/us-central1/services/weeklyLeaderboardNotifications","FUNCTION_TARGET":"weeklyLeaderboardNotifications","LOG_EXECUTION_ID":"true"},"maxInstanceCount":10,"ingressSettings":"ALLOW_ALL","serviceAccountEmail":"658074709437-compute@developer.gserviceaccount.com","availableMemory":"256Mi","maxInstanceRequestConcurrency":80,"availableCpu":"1"},"labels":{"deployment-tool":"cli-firebase","deployment-scheduled":"true","firebase-functions-hash":"f74a2eea77621a28d54d70feb217efb4e08e81f7"},"environment":"GEN_2"},"stages":[{"name":"BUILD","message":"Build in progress","state":"IN_PROGRESS","resource":"projects/658074709437/locations/us-central1/builds/e28d601b-1ec5-4b6a-9ed0-59377e749109","resourceUri":"https://console.cloud.google.com/cloud-build/builds;region=us-central1/e28d601b-1ec5-4b6a-9ed0-59377e749109?project=658074709437"},{"name":"SERVICE","state":"NOT_STARTED"}],"operationType":"CREATE_FUNCTION","buildName":"projects/658074709437/locations/us-central1/builds/e28d601b-1ec5-4b6a-9ed0-59377e749109"},"done":false}
[debug] [2025-09-07T22:13:23.260Z] [create-default-us-central1-monthlyLeaderboardNotifications] Retrying task index 0
[debug] [2025-09-07T22:13:23.261Z] Checked if tokens are valid: true, expires at: 1757285273645
[debug] [2025-09-07T22:13:23.261Z] Checked if tokens are valid: true, expires at: 1757285273645
[debug] [2025-09-07T22:13:23.261Z] >>> [apiv2][query] GET https://cloudfunctions.googleapis.com/v2/projects/purgo-1374e/locations/us-central1/operations/operation-1757283144758-63e3d5d9cf4f2-546cdc5e-34a5c938 [none]
[debug] [2025-09-07T22:13:23.366Z] [create-default-us-central1-weeklyLeaderboardNotifications] Retrying task index 0
[debug] [2025-09-07T22:13:23.367Z] Checked if tokens are valid: true, expires at: 1757285273645
[debug] [2025-09-07T22:13:23.367Z] Checked if tokens are valid: true, expires at: 1757285273645
[debug] [2025-09-07T22:13:23.368Z] >>> [apiv2][query] GET https://cloudfunctions.googleapis.com/v2/projects/purgo-1374e/locations/us-central1/operations/operation-1757283144735-63e3d5d9c999f-ad5199e4-e0068653 [none]
[debug] [2025-09-07T22:13:23.582Z] <<< [apiv2][status] GET https://cloudfunctions.googleapis.com/v2/projects/purgo-1374e/locations/us-central1/operations/operation-1757283144758-63e3d5d9cf4f2-546cdc5e-34a5c938 200
[debug] [2025-09-07T22:13:23.583Z] <<< [apiv2][body] GET https://cloudfunctions.googleapis.com/v2/projects/purgo-1374e/locations/us-central1/operations/operation-1757283144758-63e3d5d9cf4f2-546cdc5e-34a5c938 {"name":"projects/purgo-1374e/locations/us-central1/operations/operation-1757283144758-63e3d5d9cf4f2-546cdc5e-34a5c938","metadata":{"@type":"type.googleapis.com/google.cloud.functions.v2.OperationMetadata","createTime":"2025-09-07T22:12:25.264022758Z","target":"projects/purgo-1374e/locations/us-central1/functions/monthlyLeaderboardNotifications","verb":"create","cancelRequested":false,"apiVersion":"v2","requestResource":{"@type":"type.googleapis.com/google.cloud.functions.v2.Function","name":"projects/purgo-1374e/locations/us-central1/functions/monthlyLeaderboardNotifications","buildConfig":{"runtime":"nodejs18","entryPoint":"monthlyLeaderboardNotifications","source":{"storageSource":{"bucket":"gcf-v2-sources-658074709437-us-central1","object":"monthlyLeaderboardNotifications/function-source.zip","generation":"1757283145002574"}},"environmentVariables":{"GOOGLE_NODE_RUN_SCRIPTS":""},"serviceAccount":"projects/purgo-1374e/serviceAccounts/658074709437-compute@developer.gserviceaccount.com","automaticUpdatePolicy":{}},"serviceConfig":{"service":"projects/purgo-1374e/locations/us-central1/services/monthlyleaderboardnotifications","timeoutSeconds":60,"environmentVariables":{"FIREBASE_CONFIG":"{\"projectId\":\"purgo-1374e\",\"storageBucket\":\"purgo-1374e.firebasestorage.app\"}","GCLOUD_PROJECT":"purgo-1374e","EVENTARC_CLOUD_EVENT_SOURCE":"projects/purgo-1374e/locations/us-central1/services/monthlyLeaderboardNotifications","FUNCTION_TARGET":"monthlyLeaderboardNotifications","LOG_EXECUTION_ID":"true"},"maxInstanceCount":10,"ingressSettings":"ALLOW_ALL","serviceAccountEmail":"658074709437-compute@developer.gserviceaccount.com","availableMemory":"256Mi","maxInstanceRequestConcurrency":80,"availableCpu":"1"},"labels":{"deployment-tool":"cli-firebase","deployment-scheduled":"true","firebase-functions-hash":"f74a2eea77621a28d54d70feb217efb4e08e81f7"},"environment":"GEN_2"},"stages":[{"name":"BUILD","message":"Build in progress","state":"IN_PROGRESS","resource":"projects/658074709437/locations/us-central1/builds/2d6ba71c-756a-4241-bba0-035b86115e9c","resourceUri":"https://console.cloud.google.com/cloud-build/builds;region=us-central1/2d6ba71c-756a-4241-bba0-035b86115e9c?project=658074709437"},{"name":"SERVICE","state":"NOT_STARTED"}],"operationType":"CREATE_FUNCTION","buildName":"projects/658074709437/locations/us-central1/builds/2d6ba71c-756a-4241-bba0-035b86115e9c"},"done":false}
[debug] [2025-09-07T22:13:23.715Z] <<< [apiv2][status] GET https://cloudfunctions.googleapis.com/v2/projects/purgo-1374e/locations/us-central1/operations/operation-1757283144735-63e3d5d9c999f-ad5199e4-e0068653 200
[debug] [2025-09-07T22:13:23.716Z] <<< [apiv2][body] GET https://cloudfunctions.googleapis.com/v2/projects/purgo-1374e/locations/us-central1/operations/operation-1757283144735-63e3d5d9c999f-ad5199e4-e0068653 {"name":"projects/purgo-1374e/locations/us-central1/operations/operation-1757283144735-63e3d5d9c999f-ad5199e4-e0068653","metadata":{"@type":"type.googleapis.com/google.cloud.functions.v2.OperationMetadata","createTime":"2025-09-07T22:12:25.228197696Z","target":"projects/purgo-1374e/locations/us-central1/functions/weeklyLeaderboardNotifications","verb":"create","cancelRequested":false,"apiVersion":"v2","requestResource":{"@type":"type.googleapis.com/google.cloud.functions.v2.Function","name":"projects/purgo-1374e/locations/us-central1/functions/weeklyLeaderboardNotifications","buildConfig":{"runtime":"nodejs18","entryPoint":"weeklyLeaderboardNotifications","source":{"storageSource":{"bucket":"gcf-v2-sources-658074709437-us-central1","object":"weeklyLeaderboardNotifications/function-source.zip","generation":"1757283144992696"}},"environmentVariables":{"GOOGLE_NODE_RUN_SCRIPTS":""},"serviceAccount":"projects/purgo-1374e/serviceAccounts/658074709437-compute@developer.gserviceaccount.com","automaticUpdatePolicy":{}},"serviceConfig":{"service":"projects/purgo-1374e/locations/us-central1/services/weeklyleaderboardnotifications","timeoutSeconds":60,"environmentVariables":{"FIREBASE_CONFIG":"{\"projectId\":\"purgo-1374e\",\"storageBucket\":\"purgo-1374e.firebasestorage.app\"}","GCLOUD_PROJECT":"purgo-1374e","EVENTARC_CLOUD_EVENT_SOURCE":"projects/purgo-1374e/locations/us-central1/services/weeklyLeaderboardNotifications","FUNCTION_TARGET":"weeklyLeaderboardNotifications","LOG_EXECUTION_ID":"true"},"maxInstanceCount":10,"ingressSettings":"ALLOW_ALL","serviceAccountEmail":"658074709437-compute@developer.gserviceaccount.com","availableMemory":"256Mi","maxInstanceRequestConcurrency":80,"availableCpu":"1"},"labels":{"deployment-tool":"cli-firebase","deployment-scheduled":"true","firebase-functions-hash":"f74a2eea77621a28d54d70feb217efb4e08e81f7"},"environment":"GEN_2"},"stages":[{"name":"BUILD","message":"Build in progress","state":"IN_PROGRESS","resource":"projects/658074709437/locations/us-central1/builds/e28d601b-1ec5-4b6a-9ed0-59377e749109","resourceUri":"https://console.cloud.google.com/cloud-build/builds;region=us-central1/e28d601b-1ec5-4b6a-9ed0-59377e749109?project=658074709437"},{"name":"SERVICE","state":"NOT_STARTED"}],"operationType":"CREATE_FUNCTION","buildName":"projects/658074709437/locations/us-central1/builds/e28d601b-1ec5-4b6a-9ed0-59377e749109"},"done":false}
[debug] [2025-09-07T22:13:33.585Z] [create-default-us-central1-monthlyLeaderboardNotifications] Retrying task index 0
[debug] [2025-09-07T22:13:33.585Z] Checked if tokens are valid: true, expires at: 1757285273645
[debug] [2025-09-07T22:13:33.585Z] Checked if tokens are valid: true, expires at: 1757285273645
[debug] [2025-09-07T22:13:33.585Z] >>> [apiv2][query] GET https://cloudfunctions.googleapis.com/v2/projects/purgo-1374e/locations/us-central1/operations/operation-1757283144758-63e3d5d9cf4f2-546cdc5e-34a5c938 [none]
[debug] [2025-09-07T22:13:33.717Z] [create-default-us-central1-weeklyLeaderboardNotifications] Retrying task index 0
[debug] [2025-09-07T22:13:33.717Z] Checked if tokens are valid: true, expires at: 1757285273645
[debug] [2025-09-07T22:13:33.717Z] Checked if tokens are valid: true, expires at: 1757285273645
[debug] [2025-09-07T22:13:33.717Z] >>> [apiv2][query] GET https://cloudfunctions.googleapis.com/v2/projects/purgo-1374e/locations/us-central1/operations/operation-1757283144735-63e3d5d9c999f-ad5199e4-e0068653 [none]
[debug] [2025-09-07T22:13:33.750Z] <<< [apiv2][status] GET https://cloudfunctions.googleapis.com/v2/projects/purgo-1374e/locations/us-central1/operations/operation-1757283144758-63e3d5d9cf4f2-546cdc5e-34a5c938 200
[debug] [2025-09-07T22:13:33.750Z] <<< [apiv2][body] GET https://cloudfunctions.googleapis.com/v2/projects/purgo-1374e/locations/us-central1/operations/operation-1757283144758-63e3d5d9cf4f2-546cdc5e-34a5c938 {"name":"projects/purgo-1374e/locations/us-central1/operations/operation-1757283144758-63e3d5d9cf4f2-546cdc5e-34a5c938","metadata":{"@type":"type.googleapis.com/google.cloud.functions.v2.OperationMetadata","createTime":"2025-09-07T22:12:25.264022758Z","target":"projects/purgo-1374e/locations/us-central1/functions/monthlyLeaderboardNotifications","verb":"create","cancelRequested":false,"apiVersion":"v2","requestResource":{"@type":"type.googleapis.com/google.cloud.functions.v2.Function","name":"projects/purgo-1374e/locations/us-central1/functions/monthlyLeaderboardNotifications","buildConfig":{"runtime":"nodejs18","entryPoint":"monthlyLeaderboardNotifications","source":{"storageSource":{"bucket":"gcf-v2-sources-658074709437-us-central1","object":"monthlyLeaderboardNotifications/function-source.zip","generation":"1757283145002574"}},"environmentVariables":{"GOOGLE_NODE_RUN_SCRIPTS":""},"serviceAccount":"projects/purgo-1374e/serviceAccounts/658074709437-compute@developer.gserviceaccount.com","automaticUpdatePolicy":{}},"serviceConfig":{"service":"projects/purgo-1374e/locations/us-central1/services/monthlyleaderboardnotifications","timeoutSeconds":60,"environmentVariables":{"FIREBASE_CONFIG":"{\"projectId\":\"purgo-1374e\",\"storageBucket\":\"purgo-1374e.firebasestorage.app\"}","GCLOUD_PROJECT":"purgo-1374e","EVENTARC_CLOUD_EVENT_SOURCE":"projects/purgo-1374e/locations/us-central1/services/monthlyLeaderboardNotifications","FUNCTION_TARGET":"monthlyLeaderboardNotifications","LOG_EXECUTION_ID":"true"},"maxInstanceCount":10,"ingressSettings":"ALLOW_ALL","serviceAccountEmail":"658074709437-compute@developer.gserviceaccount.com","availableMemory":"256Mi","maxInstanceRequestConcurrency":80,"availableCpu":"1"},"labels":{"deployment-tool":"cli-firebase","deployment-scheduled":"true","firebase-functions-hash":"f74a2eea77621a28d54d70feb217efb4e08e81f7"},"environment":"GEN_2"},"stages":[{"name":"BUILD","message":"Build finished","state":"COMPLETE","resource":"projects/658074709437/locations/us-central1/builds/2d6ba71c-756a-4241-bba0-035b86115e9c","resourceUri":"https://console.cloud.google.com/cloud-build/builds;region=us-central1/2d6ba71c-756a-4241-bba0-035b86115e9c?project=658074709437"},{"name":"SERVICE","message":"Creating Cloud Run service","state":"IN_PROGRESS","resource":"projects/purgo-1374e/locations/us-central1/services/monthlyleaderboardnotifications","resourceUri":"https://console.cloud.google.com/run/detail/us-central1/monthlyleaderboardnotifications?project=purgo-1374e"}],"sourceToken":"Cldwcm9qZWN0cy82NTgwNzQ3MDk0MzcvbG9jYXRpb25zL3VzLWNlbnRyYWwxL2J1aWxkcy8yZDZiYTcxYy03NTZhLTQyNDEtYmJhMC0wMzViODYxMTVlOWMSfHVzLWNlbnRyYWwxLWRvY2tlci5wa2cuZGV2L3B1cmdvLTEzNzRlL2djZi1hcnRpZmFjdHMvcHVyZ28tLTEzNzRlX191cy0tY2VudHJhbDFfX21vbnRobHlfbGVhZGVyYm9hcmRfbm90aWZpY2F0aW9uczp2ZXJzaW9uXzEYvdu8wpMTIlRwcm9qZWN0cy9wdXJnby0xMzc0ZS9sb2NhdGlvbnMvdXMtY2VudHJhbDEvZnVuY3Rpb25zL21vbnRobHlMZWFkZXJib2FyZE5vdGlmaWNhdGlvbnMqCwiLh/jFBhComKhZMghub2RlanMxODp2CiNnY3IuaW8vZ2FlLXJ1bnRpbWVzL25vZGVqczE4OnN0YWJsZRJPdXMtY2VudHJhbDEtZG9ja2VyLnBrZy5kZXYvc2VydmVybGVzcy1ydW50aW1lcy9nb29nbGUtMjItZnVsbC9ydW50aW1lcy9ub2RlanMxOEAB","operationType":"CREATE_FUNCTION","buildName":"projects/658074709437/locations/us-central1/builds/2d6ba71c-756a-4241-bba0-035b86115e9c"},"done":false}
[debug] [2025-09-07T22:13:33.750Z] Got source token Cldwcm9qZWN0cy82NTgwNzQ3MDk0MzcvbG9jYXRpb25zL3VzLWNlbnRyYWwxL2J1aWxkcy8yZDZiYTcxYy03NTZhLTQyNDEtYmJhMC0wMzViODYxMTVlOWMSfHVzLWNlbnRyYWwxLWRvY2tlci5wa2cuZGV2L3B1cmdvLTEzNzRlL2djZi1hcnRpZmFjdHMvcHVyZ28tLTEzNzRlX191cy0tY2VudHJhbDFfX21vbnRobHlfbGVhZGVyYm9hcmRfbm90aWZpY2F0aW9uczp2ZXJzaW9uXzEYvdu8wpMTIlRwcm9qZWN0cy9wdXJnby0xMzc0ZS9sb2NhdGlvbnMvdXMtY2VudHJhbDEvZnVuY3Rpb25zL21vbnRobHlMZWFkZXJib2FyZE5vdGlmaWNhdGlvbnMqCwiLh/jFBhComKhZMghub2RlanMxODp2CiNnY3IuaW8vZ2FlLXJ1bnRpbWVzL25vZGVqczE4OnN0YWJsZRJPdXMtY2VudHJhbDEtZG9ja2VyLnBrZy5kZXYvc2VydmVybGVzcy1ydW50aW1lcy9nb29nbGUtMjItZnVsbC9ydW50aW1lcy9ub2RlanMxOEAB for region us-central1
[debug] [2025-09-07T22:13:34.035Z] <<< [apiv2][status] GET https://cloudfunctions.googleapis.com/v2/projects/purgo-1374e/locations/us-central1/operations/operation-1757283144735-63e3d5d9c999f-ad5199e4-e0068653 200
[debug] [2025-09-07T22:13:34.035Z] <<< [apiv2][body] GET https://cloudfunctions.googleapis.com/v2/projects/purgo-1374e/locations/us-central1/operations/operation-1757283144735-63e3d5d9c999f-ad5199e4-e0068653 {"name":"projects/purgo-1374e/locations/us-central1/operations/operation-1757283144735-63e3d5d9c999f-ad5199e4-e0068653","metadata":{"@type":"type.googleapis.com/google.cloud.functions.v2.OperationMetadata","createTime":"2025-09-07T22:12:25.228197696Z","target":"projects/purgo-1374e/locations/us-central1/functions/weeklyLeaderboardNotifications","verb":"create","cancelRequested":false,"apiVersion":"v2","requestResource":{"@type":"type.googleapis.com/google.cloud.functions.v2.Function","name":"projects/purgo-1374e/locations/us-central1/functions/weeklyLeaderboardNotifications","buildConfig":{"runtime":"nodejs18","entryPoint":"weeklyLeaderboardNotifications","source":{"storageSource":{"bucket":"gcf-v2-sources-658074709437-us-central1","object":"weeklyLeaderboardNotifications/function-source.zip","generation":"1757283144992696"}},"environmentVariables":{"GOOGLE_NODE_RUN_SCRIPTS":""},"serviceAccount":"projects/purgo-1374e/serviceAccounts/658074709437-compute@developer.gserviceaccount.com","automaticUpdatePolicy":{}},"serviceConfig":{"service":"projects/purgo-1374e/locations/us-central1/services/weeklyleaderboardnotifications","timeoutSeconds":60,"environmentVariables":{"FIREBASE_CONFIG":"{\"projectId\":\"purgo-1374e\",\"storageBucket\":\"purgo-1374e.firebasestorage.app\"}","GCLOUD_PROJECT":"purgo-1374e","EVENTARC_CLOUD_EVENT_SOURCE":"projects/purgo-1374e/locations/us-central1/services/weeklyLeaderboardNotifications","FUNCTION_TARGET":"weeklyLeaderboardNotifications","LOG_EXECUTION_ID":"true"},"maxInstanceCount":10,"ingressSettings":"ALLOW_ALL","serviceAccountEmail":"658074709437-compute@developer.gserviceaccount.com","availableMemory":"256Mi","maxInstanceRequestConcurrency":80,"availableCpu":"1"},"labels":{"deployment-tool":"cli-firebase","deployment-scheduled":"true","firebase-functions-hash":"f74a2eea77621a28d54d70feb217efb4e08e81f7"},"environment":"GEN_2"},"stages":[{"name":"BUILD","message":"Build in progress","state":"IN_PROGRESS","resource":"projects/658074709437/locations/us-central1/builds/e28d601b-1ec5-4b6a-9ed0-59377e749109","resourceUri":"https://console.cloud.google.com/cloud-build/builds;region=us-central1/e28d601b-1ec5-4b6a-9ed0-59377e749109?project=658074709437"},{"name":"SERVICE","state":"NOT_STARTED"}],"operationType":"CREATE_FUNCTION","buildName":"projects/658074709437/locations/us-central1/builds/e28d601b-1ec5-4b6a-9ed0-59377e749109"},"done":false}
[debug] [2025-09-07T22:13:43.751Z] [create-default-us-central1-monthlyLeaderboardNotifications] Retrying task index 0
[debug] [2025-09-07T22:13:43.752Z] Checked if tokens are valid: true, expires at: 1757285273645
[debug] [2025-09-07T22:13:43.752Z] Checked if tokens are valid: true, expires at: 1757285273645
[debug] [2025-09-07T22:13:43.752Z] >>> [apiv2][query] GET https://cloudfunctions.googleapis.com/v2/projects/purgo-1374e/locations/us-central1/operations/operation-1757283144758-63e3d5d9cf4f2-546cdc5e-34a5c938 [none]
[debug] [2025-09-07T22:13:44.037Z] [create-default-us-central1-weeklyLeaderboardNotifications] Retrying task index 0
[debug] [2025-09-07T22:13:44.037Z] Checked if tokens are valid: true, expires at: 1757285273645
[debug] [2025-09-07T22:13:44.037Z] Checked if tokens are valid: true, expires at: 1757285273645
[debug] [2025-09-07T22:13:44.038Z] >>> [apiv2][query] GET https://cloudfunctions.googleapis.com/v2/projects/purgo-1374e/locations/us-central1/operations/operation-1757283144735-63e3d5d9c999f-ad5199e4-e0068653 [none]
[debug] [2025-09-07T22:13:44.098Z] <<< [apiv2][status] GET https://cloudfunctions.googleapis.com/v2/projects/purgo-1374e/locations/us-central1/operations/operation-1757283144758-63e3d5d9cf4f2-546cdc5e-34a5c938 200
[debug] [2025-09-07T22:13:44.099Z] <<< [apiv2][body] GET https://cloudfunctions.googleapis.com/v2/projects/purgo-1374e/locations/us-central1/operations/operation-1757283144758-63e3d5d9cf4f2-546cdc5e-34a5c938 {"name":"projects/purgo-1374e/locations/us-central1/operations/operation-1757283144758-63e3d5d9cf4f2-546cdc5e-34a5c938","metadata":{"@type":"type.googleapis.com/google.cloud.functions.v2.OperationMetadata","createTime":"2025-09-07T22:12:25.264022758Z","endTime":"2025-09-07T22:13:40.106686786Z","target":"projects/purgo-1374e/locations/us-central1/functions/monthlyLeaderboardNotifications","verb":"create","cancelRequested":false,"apiVersion":"v2","requestResource":{"@type":"type.googleapis.com/google.cloud.functions.v2.Function","name":"projects/purgo-1374e/locations/us-central1/functions/monthlyLeaderboardNotifications","buildConfig":{"runtime":"nodejs18","entryPoint":"monthlyLeaderboardNotifications","source":{"storageSource":{"bucket":"gcf-v2-sources-658074709437-us-central1","object":"monthlyLeaderboardNotifications/function-source.zip","generation":"1757283145002574"}},"environmentVariables":{"GOOGLE_NODE_RUN_SCRIPTS":""},"serviceAccount":"projects/purgo-1374e/serviceAccounts/658074709437-compute@developer.gserviceaccount.com","automaticUpdatePolicy":{}},"serviceConfig":{"service":"projects/purgo-1374e/locations/us-central1/services/monthlyleaderboardnotifications","timeoutSeconds":60,"environmentVariables":{"FIREBASE_CONFIG":"{\"projectId\":\"purgo-1374e\",\"storageBucket\":\"purgo-1374e.firebasestorage.app\"}","GCLOUD_PROJECT":"purgo-1374e","EVENTARC_CLOUD_EVENT_SOURCE":"projects/purgo-1374e/locations/us-central1/services/monthlyLeaderboardNotifications","FUNCTION_TARGET":"monthlyLeaderboardNotifications","LOG_EXECUTION_ID":"true"},"maxInstanceCount":10,"ingressSettings":"ALLOW_ALL","serviceAccountEmail":"658074709437-compute@developer.gserviceaccount.com","availableMemory":"256Mi","maxInstanceRequestConcurrency":80,"availableCpu":"1"},"labels":{"deployment-tool":"cli-firebase","deployment-scheduled":"true","firebase-functions-hash":"f74a2eea77621a28d54d70feb217efb4e08e81f7"},"environment":"GEN_2"},"stages":[{"name":"BUILD","message":"Build finished","state":"COMPLETE","resource":"projects/658074709437/locations/us-central1/builds/2d6ba71c-756a-4241-bba0-035b86115e9c","resourceUri":"https://console.cloud.google.com/cloud-build/builds;region=us-central1/2d6ba71c-756a-4241-bba0-035b86115e9c?project=658074709437"},{"name":"SERVICE","message":"Creating Cloud Run service","state":"COMPLETE","resource":"projects/purgo-1374e/locations/us-central1/services/monthlyleaderboardnotifications","resourceUri":"https://console.cloud.google.com/run/detail/us-central1/monthlyleaderboardnotifications?project=purgo-1374e"}],"sourceToken":"Cldwcm9qZWN0cy82NTgwNzQ3MDk0MzcvbG9jYXRpb25zL3VzLWNlbnRyYWwxL2J1aWxkcy8yZDZiYTcxYy03NTZhLTQyNDEtYmJhMC0wMzViODYxMTVlOWMSfHVzLWNlbnRyYWwxLWRvY2tlci5wa2cuZGV2L3B1cmdvLTEzNzRlL2djZi1hcnRpZmFjdHMvcHVyZ28tLTEzNzRlX191cy0tY2VudHJhbDFfX21vbnRobHlfbGVhZGVyYm9hcmRfbm90aWZpY2F0aW9uczp2ZXJzaW9uXzEYvdu8wpMTIlRwcm9qZWN0cy9wdXJnby0xMzc0ZS9sb2NhdGlvbnMvdXMtY2VudHJhbDEvZnVuY3Rpb25zL21vbnRobHlMZWFkZXJib2FyZE5vdGlmaWNhdGlvbnMqCwiLh/jFBhComKhZMghub2RlanMxODp2CiNnY3IuaW8vZ2FlLXJ1bnRpbWVzL25vZGVqczE4OnN0YWJsZRJPdXMtY2VudHJhbDEtZG9ja2VyLnBrZy5kZXYvc2VydmVybGVzcy1ydW50aW1lcy9nb29nbGUtMjItZnVsbC9ydW50aW1lcy9ub2RlanMxOEAB","operationType":"CREATE_FUNCTION","buildName":"projects/658074709437/locations/us-central1/builds/2d6ba71c-756a-4241-bba0-035b86115e9c"},"done":true,"response":{"@type":"type.googleapis.com/google.cloud.functions.v2.Function","name":"projects/purgo-1374e/locations/us-central1/functions/monthlyLeaderboardNotifications","buildConfig":{"build":"projects/658074709437/locations/us-central1/builds/2d6ba71c-756a-4241-bba0-035b86115e9c","runtime":"nodejs18","entryPoint":"monthlyLeaderboardNotifications","source":{"storageSource":{"bucket":"gcf-v2-sources-658074709437-us-central1","object":"monthlyLeaderboardNotifications/function-source.zip","generation":"1757283145002574"}},"environmentVariables":{"GOOGLE_NODE_RUN_SCRIPTS":""},"dockerRepository":"projects/purgo-1374e/locations/us-central1/repositories/gcf-artifacts","sourceProvenance":{"resolvedStorageSource":{"bucket":"gcf-v2-sources-658074709437-us-central1","object":"monthlyLeaderboardNotifications/function-source.zip","generation":"1757283145002574"}},"dockerRegistry":"ARTIFACT_REGISTRY","serviceAccount":"projects/purgo-1374e/serviceAccounts/658074709437-compute@developer.gserviceaccount.com","automaticUpdatePolicy":{}},"serviceConfig":{"service":"projects/purgo-1374e/locations/us-central1/services/monthlyleaderboardnotifications","timeoutSeconds":60,"environmentVariables":{"FIREBASE_CONFIG":"{\"projectId\":\"purgo-1374e\",\"storageBucket\":\"purgo-1374e.firebasestorage.app\"}","GCLOUD_PROJECT":"purgo-1374e","EVENTARC_CLOUD_EVENT_SOURCE":"projects/purgo-1374e/locations/us-central1/services/monthlyLeaderboardNotifications","FUNCTION_TARGET":"monthlyLeaderboardNotifications","LOG_EXECUTION_ID":"true"},"maxInstanceCount":10,"ingressSettings":"ALLOW_ALL","uri":"https://monthlyleaderboardnotifications-vk6d2cik4a-uc.a.run.app","serviceAccountEmail":"658074709437-compute@developer.gserviceaccount.com","availableMemory":"256Mi","allTrafficOnLatestRevision":true,"revision":"monthlyleaderboardnotifications-00001-bax","maxInstanceRequestConcurrency":80,"availableCpu":"1"},"state":"ACTIVE","updateTime":"2025-09-07T22:12:25.259758571Z","labels":{"deployment-tool":"cli-firebase","deployment-scheduled":"true","firebase-functions-hash":"f74a2eea77621a28d54d70feb217efb4e08e81f7"},"environment":"GEN_2","url":"https://us-central1-purgo-1374e.cloudfunctions.net/monthlyLeaderboardNotifications","createTime":"2025-09-07T22:12:25.259758571Z","satisfiesPzi":true}}
[debug] [2025-09-07T22:13:44.099Z] Got source token Cldwcm9qZWN0cy82NTgwNzQ3MDk0MzcvbG9jYXRpb25zL3VzLWNlbnRyYWwxL2J1aWxkcy8yZDZiYTcxYy03NTZhLTQyNDEtYmJhMC0wMzViODYxMTVlOWMSfHVzLWNlbnRyYWwxLWRvY2tlci5wa2cuZGV2L3B1cmdvLTEzNzRlL2djZi1hcnRpZmFjdHMvcHVyZ28tLTEzNzRlX191cy0tY2VudHJhbDFfX21vbnRobHlfbGVhZGVyYm9hcmRfbm90aWZpY2F0aW9uczp2ZXJzaW9uXzEYvdu8wpMTIlRwcm9qZWN0cy9wdXJnby0xMzc0ZS9sb2NhdGlvbnMvdXMtY2VudHJhbDEvZnVuY3Rpb25zL21vbnRobHlMZWFkZXJib2FyZE5vdGlmaWNhdGlvbnMqCwiLh/jFBhComKhZMghub2RlanMxODp2CiNnY3IuaW8vZ2FlLXJ1bnRpbWVzL25vZGVqczE4OnN0YWJsZRJPdXMtY2VudHJhbDEtZG9ja2VyLnBrZy5kZXYvc2VydmVybGVzcy1ydW50aW1lcy9nb29nbGUtMjItZnVsbC9ydW50aW1lcy9ub2RlanMxOEAB for region us-central1
[debug] [2025-09-07T22:13:44.099Z] Checked if tokens are valid: true, expires at: 1757285273645
[debug] [2025-09-07T22:13:44.099Z] Checked if tokens are valid: true, expires at: 1757285273645
[debug] [2025-09-07T22:13:44.100Z] >>> [apiv2][query] GET https://compute.googleapis.com/compute/v1/projects/658074709437 [none]
[debug] [2025-09-07T22:13:44.244Z] <<< [apiv2][status] GET https://compute.googleapis.com/compute/v1/projects/658074709437 403
[debug] [2025-09-07T22:13:44.245Z] <<< [apiv2][body] GET https://compute.googleapis.com/compute/v1/projects/658074709437 {"error":{"code":403,"message":"Compute Engine API has not been used in project 658074709437 before or it is disabled. Enable it by visiting https://console.developers.google.com/apis/api/compute.googleapis.com/overview?project=658074709437 then retry. If you enabled this API recently, wait a few minutes for the action to propagate to our systems and retry.","errors":[{"message":"Compute Engine API has not been used in project 658074709437 before or it is disabled. Enable it by visiting https://console.developers.google.com/apis/api/compute.googleapis.com/overview?project=658074709437 then retry. If you enabled this API recently, wait a few minutes for the action to propagate to our systems and retry.","domain":"usageLimits","reason":"accessNotConfigured","extendedHelp":"https://console.developers.google.com"}],"status":"PERMISSION_DENIED","details":[{"@type":"type.googleapis.com/google.rpc.ErrorInfo","reason":"SERVICE_DISABLED","domain":"googleapis.com","metadata":{"service":"compute.googleapis.com","containerInfo":"658074709437","consumer":"projects/658074709437","activationUrl":"https://console.developers.google.com/apis/api/compute.googleapis.com/overview?project=658074709437","serviceTitle":"Compute Engine API"}},{"@type":"type.googleapis.com/google.rpc.LocalizedMessage","locale":"en-US","message":"Compute Engine API has not been used in project 658074709437 before or it is disabled. Enable it by visiting https://console.developers.google.com/apis/api/compute.googleapis.com/overview?project=658074709437 then retry. If you enabled this API recently, wait a few minutes for the action to propagate to our systems and retry."},{"@type":"type.googleapis.com/google.rpc.Help","links":[{"description":"Google developers console API activation","url":"https://console.developers.google.com/apis/api/compute.googleapis.com/overview?project=658074709437"}]}]}}
[debug] [2025-09-07T22:13:44.245Z] unable to look up default compute service account. Falling back to 658074709437-compute@developer.gserviceaccount.com. Error: {"name":"FirebaseError","children":[],"context":{"body":{"error":{"code":403,"message":"Compute Engine API has not been used in project 658074709437 before or it is disabled. Enable it by visiting https://console.developers.google.com/apis/api/compute.googleapis.com/overview?project=658074709437 then retry. If you enabled this API recently, wait a few minutes for the action to propagate to our systems and retry.","errors":[{"message":"Compute Engine API has not been used in project 658074709437 before or it is disabled. Enable it by visiting https://console.developers.google.com/apis/api/compute.googleapis.com/overview?project=658074709437 then retry. If you enabled this API recently, wait a few minutes for the action to propagate to our systems and retry.","domain":"usageLimits","reason":"accessNotConfigured","extendedHelp":"https://console.developers.google.com"}],"status":"PERMISSION_DENIED","details":[{"@type":"type.googleapis.com/google.rpc.ErrorInfo","reason":"SERVICE_DISABLED","domain":"googleapis.com","metadata":{"service":"compute.googleapis.com","containerInfo":"658074709437","consumer":"projects/658074709437","activationUrl":"https://console.developers.google.com/apis/api/compute.googleapis.com/overview?project=658074709437","serviceTitle":"Compute Engine API"}},{"@type":"type.googleapis.com/google.rpc.LocalizedMessage","locale":"en-US","message":"Compute Engine API has not been used in project 658074709437 before or it is disabled. Enable it by visiting https://console.developers.google.com/apis/api/compute.googleapis.com/overview?project=658074709437 then retry. If you enabled this API recently, wait a few minutes for the action to propagate to our systems and retry."},{"@type":"type.googleapis.com/google.rpc.Help","links":[{"description":"Google developers console API activation","url":"https://console.developers.google.com/apis/api/compute.googleapis.com/overview?project=658074709437"}]}]}},"response":{"statusCode":403}},"exit":1,"message":"Request to https://compute.googleapis.com/compute/v1/projects/658074709437 had HTTP Error: 403, Compute Engine API has not been used in project 658074709437 before or it is disabled. Enable it by visiting https://console.developers.google.com/apis/api/compute.googleapis.com/overview?project=658074709437 then retry. If you enabled this API recently, wait a few minutes for the action to propagate to our systems and retry.","status":403}
[debug] [2025-09-07T22:13:44.246Z] Checked if tokens are valid: true, expires at: 1757285273645
[debug] [2025-09-07T22:13:44.246Z] Checked if tokens are valid: true, expires at: 1757285273645
[debug] [2025-09-07T22:13:44.247Z] >>> [apiv2][query] POST https://run.googleapis.com/v1/projects/purgo-1374e/locations/us-central1/services/monthlyleaderboardnotifications:setIamPolicy [none]
[debug] [2025-09-07T22:13:44.247Z] >>> [apiv2][body] POST https://run.googleapis.com/v1/projects/purgo-1374e/locations/us-central1/services/monthlyleaderboardnotifications:setIamPolicy {"policy":{"bindings":[{"role":"roles/run.invoker","members":["serviceAccount:658074709437-compute@developer.gserviceaccount.com"]}],"etag":"","version":3},"updateMask":"bindings,etag,version"}
[debug] [2025-09-07T22:13:44.384Z] <<< [apiv2][status] GET https://cloudfunctions.googleapis.com/v2/projects/purgo-1374e/locations/us-central1/operations/operation-1757283144735-63e3d5d9c999f-ad5199e4-e0068653 200
[debug] [2025-09-07T22:13:44.384Z] <<< [apiv2][body] GET https://cloudfunctions.googleapis.com/v2/projects/purgo-1374e/locations/us-central1/operations/operation-1757283144735-63e3d5d9c999f-ad5199e4-e0068653 {"name":"projects/purgo-1374e/locations/us-central1/operations/operation-1757283144735-63e3d5d9c999f-ad5199e4-e0068653","metadata":{"@type":"type.googleapis.com/google.cloud.functions.v2.OperationMetadata","createTime":"2025-09-07T22:12:25.228197696Z","target":"projects/purgo-1374e/locations/us-central1/functions/weeklyLeaderboardNotifications","verb":"create","cancelRequested":false,"apiVersion":"v2","requestResource":{"@type":"type.googleapis.com/google.cloud.functions.v2.Function","name":"projects/purgo-1374e/locations/us-central1/functions/weeklyLeaderboardNotifications","buildConfig":{"runtime":"nodejs18","entryPoint":"weeklyLeaderboardNotifications","source":{"storageSource":{"bucket":"gcf-v2-sources-658074709437-us-central1","object":"weeklyLeaderboardNotifications/function-source.zip","generation":"1757283144992696"}},"environmentVariables":{"GOOGLE_NODE_RUN_SCRIPTS":""},"serviceAccount":"projects/purgo-1374e/serviceAccounts/658074709437-compute@developer.gserviceaccount.com","automaticUpdatePolicy":{}},"serviceConfig":{"service":"projects/purgo-1374e/locations/us-central1/services/weeklyleaderboardnotifications","timeoutSeconds":60,"environmentVariables":{"FIREBASE_CONFIG":"{\"projectId\":\"purgo-1374e\",\"storageBucket\":\"purgo-1374e.firebasestorage.app\"}","GCLOUD_PROJECT":"purgo-1374e","EVENTARC_CLOUD_EVENT_SOURCE":"projects/purgo-1374e/locations/us-central1/services/weeklyLeaderboardNotifications","FUNCTION_TARGET":"weeklyLeaderboardNotifications","LOG_EXECUTION_ID":"true"},"maxInstanceCount":10,"ingressSettings":"ALLOW_ALL","serviceAccountEmail":"658074709437-compute@developer.gserviceaccount.com","availableMemory":"256Mi","maxInstanceRequestConcurrency":80,"availableCpu":"1"},"labels":{"deployment-tool":"cli-firebase","deployment-scheduled":"true","firebase-functions-hash":"f74a2eea77621a28d54d70feb217efb4e08e81f7"},"environment":"GEN_2"},"stages":[{"name":"BUILD","message":"Build finished","state":"COMPLETE","resource":"projects/658074709437/locations/us-central1/builds/e28d601b-1ec5-4b6a-9ed0-59377e749109","resourceUri":"https://console.cloud.google.com/cloud-build/builds;region=us-central1/e28d601b-1ec5-4b6a-9ed0-59377e749109?project=658074709437"},{"name":"SERVICE","message":"Creating Cloud Run service","state":"IN_PROGRESS","resource":"projects/purgo-1374e/locations/us-central1/services/weeklyleaderboardnotifications","resourceUri":"https://console.cloud.google.com/run/detail/us-central1/weeklyleaderboardnotifications?project=purgo-1374e"}],"sourceToken":"Cldwcm9qZWN0cy82NTgwNzQ3MDk0MzcvbG9jYXRpb25zL3VzLWNlbnRyYWwxL2J1aWxkcy9lMjhkNjAxYi0xZWM1LTRiNmEtOWVkMC01OTM3N2U3NDkxMDkSe3VzLWNlbnRyYWwxLWRvY2tlci5wa2cuZGV2L3B1cmdvLTEzNzRlL2djZi1hcnRpZmFjdHMvcHVyZ28tLTEzNzRlX191cy0tY2VudHJhbDFfX3dlZWtseV9sZWFkZXJib2FyZF9ub3RpZmljYXRpb25zOnZlcnNpb25fMRi927zCkxMiU3Byb2plY3RzL3B1cmdvLTEzNzRlL2xvY2F0aW9ucy91cy1jZW50cmFsMS9mdW5jdGlvbnMvd2Vla2x5TGVhZGVyYm9hcmROb3RpZmljYXRpb25zKgwIkof4xQYQkMbRzAMyCG5vZGVqczE4OnYKI2djci5pby9nYWUtcnVudGltZXMvbm9kZWpzMTg6c3RhYmxlEk91cy1jZW50cmFsMS1kb2NrZXIucGtnLmRldi9zZXJ2ZXJsZXNzLXJ1bnRpbWVzL2dvb2dsZS0yMi1mdWxsL3J1bnRpbWVzL25vZGVqczE4QAE=","operationType":"CREATE_FUNCTION","buildName":"projects/658074709437/locations/us-central1/builds/e28d601b-1ec5-4b6a-9ed0-59377e749109"},"done":false}
[debug] [2025-09-07T22:13:44.384Z] Got source token Cldwcm9qZWN0cy82NTgwNzQ3MDk0MzcvbG9jYXRpb25zL3VzLWNlbnRyYWwxL2J1aWxkcy9lMjhkNjAxYi0xZWM1LTRiNmEtOWVkMC01OTM3N2U3NDkxMDkSe3VzLWNlbnRyYWwxLWRvY2tlci5wa2cuZGV2L3B1cmdvLTEzNzRlL2djZi1hcnRpZmFjdHMvcHVyZ28tLTEzNzRlX191cy0tY2VudHJhbDFfX3dlZWtseV9sZWFkZXJib2FyZF9ub3RpZmljYXRpb25zOnZlcnNpb25fMRi927zCkxMiU3Byb2plY3RzL3B1cmdvLTEzNzRlL2xvY2F0aW9ucy91cy1jZW50cmFsMS9mdW5jdGlvbnMvd2Vla2x5TGVhZGVyYm9hcmROb3RpZmljYXRpb25zKgwIkof4xQYQkMbRzAMyCG5vZGVqczE4OnYKI2djci5pby9nYWUtcnVudGltZXMvbm9kZWpzMTg6c3RhYmxlEk91cy1jZW50cmFsMS1kb2NrZXIucGtnLmRldi9zZXJ2ZXJsZXNzLXJ1bnRpbWVzL2dvb2dsZS0yMi1mdWxsL3J1bnRpbWVzL25vZGVqczE4QAE= for region us-central1
[debug] [2025-09-07T22:13:44.853Z] <<< [apiv2][status] POST https://run.googleapis.com/v1/projects/purgo-1374e/locations/us-central1/services/monthlyleaderboardnotifications:setIamPolicy 200
[debug] [2025-09-07T22:13:44.854Z] <<< [apiv2][body] POST https://run.googleapis.com/v1/projects/purgo-1374e/locations/us-central1/services/monthlyleaderboardnotifications:setIamPolicy {"version":1,"etag":"BwY+PWJj2kw=","bindings":[{"role":"roles/run.invoker","members":["serviceAccount:658074709437-compute@developer.gserviceaccount.com"]}]}
[debug] [2025-09-07T22:13:44.855Z] Checked if tokens are valid: true, expires at: 1757285273645
[debug] [2025-09-07T22:13:44.855Z] Checked if tokens are valid: true, expires at: 1757285273645
[debug] [2025-09-07T22:13:44.855Z] >>> [apiv2][query] GET https://compute.googleapis.com/compute/v1/projects/658074709437 [none]
[debug] [2025-09-07T22:13:44.961Z] <<< [apiv2][status] GET https://compute.googleapis.com/compute/v1/projects/658074709437 403
[debug] [2025-09-07T22:13:44.962Z] <<< [apiv2][body] GET https://compute.googleapis.com/compute/v1/projects/658074709437 {"error":{"code":403,"message":"Compute Engine API has not been used in project 658074709437 before or it is disabled. Enable it by visiting https://console.developers.google.com/apis/api/compute.googleapis.com/overview?project=658074709437 then retry. If you enabled this API recently, wait a few minutes for the action to propagate to our systems and retry.","errors":[{"message":"Compute Engine API has not been used in project 658074709437 before or it is disabled. Enable it by visiting https://console.developers.google.com/apis/api/compute.googleapis.com/overview?project=658074709437 then retry. If you enabled this API recently, wait a few minutes for the action to propagate to our systems and retry.","domain":"usageLimits","reason":"accessNotConfigured","extendedHelp":"https://console.developers.google.com"}],"status":"PERMISSION_DENIED","details":[{"@type":"type.googleapis.com/google.rpc.ErrorInfo","reason":"SERVICE_DISABLED","domain":"googleapis.com","metadata":{"service":"compute.googleapis.com","activationUrl":"https://console.developers.google.com/apis/api/compute.googleapis.com/overview?project=658074709437","consumer":"projects/658074709437","serviceTitle":"Compute Engine API","containerInfo":"658074709437"}},{"@type":"type.googleapis.com/google.rpc.LocalizedMessage","locale":"en-US","message":"Compute Engine API has not been used in project 658074709437 before or it is disabled. Enable it by visiting https://console.developers.google.com/apis/api/compute.googleapis.com/overview?project=658074709437 then retry. If you enabled this API recently, wait a few minutes for the action to propagate to our systems and retry."},{"@type":"type.googleapis.com/google.rpc.Help","links":[{"description":"Google developers console API activation","url":"https://console.developers.google.com/apis/api/compute.googleapis.com/overview?project=658074709437"}]}]}}
[debug] [2025-09-07T22:13:44.962Z] unable to look up default compute service account. Falling back to 658074709437-compute@developer.gserviceaccount.com. Error: {"name":"FirebaseError","children":[],"context":{"body":{"error":{"code":403,"message":"Compute Engine API has not been used in project 658074709437 before or it is disabled. Enable it by visiting https://console.developers.google.com/apis/api/compute.googleapis.com/overview?project=658074709437 then retry. If you enabled this API recently, wait a few minutes for the action to propagate to our systems and retry.","errors":[{"message":"Compute Engine API has not been used in project 658074709437 before or it is disabled. Enable it by visiting https://console.developers.google.com/apis/api/compute.googleapis.com/overview?project=658074709437 then retry. If you enabled this API recently, wait a few minutes for the action to propagate to our systems and retry.","domain":"usageLimits","reason":"accessNotConfigured","extendedHelp":"https://console.developers.google.com"}],"status":"PERMISSION_DENIED","details":[{"@type":"type.googleapis.com/google.rpc.ErrorInfo","reason":"SERVICE_DISABLED","domain":"googleapis.com","metadata":{"service":"compute.googleapis.com","activationUrl":"https://console.developers.google.com/apis/api/compute.googleapis.com/overview?project=658074709437","consumer":"projects/658074709437","serviceTitle":"Compute Engine API","containerInfo":"658074709437"}},{"@type":"type.googleapis.com/google.rpc.LocalizedMessage","locale":"en-US","message":"Compute Engine API has not been used in project 658074709437 before or it is disabled. Enable it by visiting https://console.developers.google.com/apis/api/compute.googleapis.com/overview?project=658074709437 then retry. If you enabled this API recently, wait a few minutes for the action to propagate to our systems and retry."},{"@type":"type.googleapis.com/google.rpc.Help","links":[{"description":"Google developers console API activation","url":"https://console.developers.google.com/apis/api/compute.googleapis.com/overview?project=658074709437"}]}]}},"response":{"statusCode":403}},"exit":1,"message":"Request to https://compute.googleapis.com/compute/v1/projects/658074709437 had HTTP Error: 403, Compute Engine API has not been used in project 658074709437 before or it is disabled. Enable it by visiting https://console.developers.google.com/apis/api/compute.googleapis.com/overview?project=658074709437 then retry. If you enabled this API recently, wait a few minutes for the action to propagate to our systems and retry.","status":403}
[debug] [2025-09-07T22:13:44.963Z] Checked if tokens are valid: true, expires at: 1757285273645
[debug] [2025-09-07T22:13:44.963Z] Checked if tokens are valid: true, expires at: 1757285273645
[debug] [2025-09-07T22:13:44.963Z] >>> [apiv2][query] GET https://cloudscheduler.googleapis.com/v1/projects/purgo-1374e/locations/us-central1/jobs/firebase-schedule-monthlyLeaderboardNotifications-us-central1 [none]
[debug] [2025-09-07T22:13:45.396Z] <<< [apiv2][status] GET https://cloudscheduler.googleapis.com/v1/projects/purgo-1374e/locations/us-central1/jobs/firebase-schedule-monthlyLeaderboardNotifications-us-central1 404
[debug] [2025-09-07T22:13:45.397Z] <<< [apiv2][body] GET https://cloudscheduler.googleapis.com/v1/projects/purgo-1374e/locations/us-central1/jobs/firebase-schedule-monthlyLeaderboardNotifications-us-central1 {"error":{"code":404,"message":"Job not found.","status":"NOT_FOUND"}}
[debug] [2025-09-07T22:13:45.397Z] Checked if tokens are valid: true, expires at: 1757285273645
[debug] [2025-09-07T22:13:45.397Z] Checked if tokens are valid: true, expires at: 1757285273645
[debug] [2025-09-07T22:13:45.397Z] >>> [apiv2][query] POST https://cloudscheduler.googleapis.com/v1/projects/purgo-1374e/locations/us-central1/jobs [none]
[debug] [2025-09-07T22:13:45.397Z] >>> [apiv2][body] POST https://cloudscheduler.googleapis.com/v1/projects/purgo-1374e/locations/us-central1/jobs {"timeZone":"UTC","name":"projects/purgo-1374e/locations/us-central1/jobs/firebase-schedule-monthlyLeaderboardNotifications-us-central1","httpTarget":{"uri":"https://us-central1-purgo-1374e.cloudfunctions.net/monthlyLeaderboardNotifications","httpMethod":"POST","oidcToken":{"serviceAccountEmail":"658074709437-compute@developer.gserviceaccount.com"}},"schedule":"0 0 1 * *"}
[debug] [2025-09-07T22:13:51.805Z] <<< [apiv2][status] POST https://cloudscheduler.googleapis.com/v1/projects/purgo-1374e/locations/us-central1/jobs 200
[debug] [2025-09-07T22:13:51.805Z] <<< [apiv2][body] POST https://cloudscheduler.googleapis.com/v1/projects/purgo-1374e/locations/us-central1/jobs {"name":"projects/purgo-1374e/locations/us-central1/jobs/firebase-schedule-monthlyLeaderboardNotifications-us-central1","httpTarget":{"uri":"https://us-central1-purgo-1374e.cloudfunctions.net/monthlyLeaderboardNotifications","httpMethod":"POST","headers":{"User-Agent":"Google-Cloud-Scheduler"},"oidcToken":{"serviceAccountEmail":"658074709437-compute@developer.gserviceaccount.com","audience":"https://us-central1-purgo-1374e.cloudfunctions.net/monthlyLeaderboardNotifications"}},"userUpdateTime":"2025-09-07T22:13:51Z","state":"ENABLED","schedule":"0 0 1 * *","timeZone":"UTC","attemptDeadline":"180s"}
[debug] [2025-09-07T22:13:51.805Z] created scheduler job firebase-schedule-monthlyLeaderboardNotifications-us-central1
[info] ✔  functions[monthlyLeaderboardNotifications(us-central1)] Successful create operation. 
[debug] [2025-09-07T22:13:54.386Z] [create-default-us-central1-weeklyLeaderboardNotifications] Retrying task index 0
[debug] [2025-09-07T22:13:54.387Z] Checked if tokens are valid: true, expires at: 1757285273645
[debug] [2025-09-07T22:13:54.387Z] Checked if tokens are valid: true, expires at: 1757285273645
[debug] [2025-09-07T22:13:54.387Z] >>> [apiv2][query] GET https://cloudfunctions.googleapis.com/v2/projects/purgo-1374e/locations/us-central1/operations/operation-1757283144735-63e3d5d9c999f-ad5199e4-e0068653 [none]
[debug] [2025-09-07T22:13:54.741Z] <<< [apiv2][status] GET https://cloudfunctions.googleapis.com/v2/projects/purgo-1374e/locations/us-central1/operations/operation-1757283144735-63e3d5d9c999f-ad5199e4-e0068653 200
[debug] [2025-09-07T22:13:54.741Z] <<< [apiv2][body] GET https://cloudfunctions.googleapis.com/v2/projects/purgo-1374e/locations/us-central1/operations/operation-1757283144735-63e3d5d9c999f-ad5199e4-e0068653 {"name":"projects/purgo-1374e/locations/us-central1/operations/operation-1757283144735-63e3d5d9c999f-ad5199e4-e0068653","metadata":{"@type":"type.googleapis.com/google.cloud.functions.v2.OperationMetadata","createTime":"2025-09-07T22:12:25.228197696Z","endTime":"2025-09-07T22:13:46.382668552Z","target":"projects/purgo-1374e/locations/us-central1/functions/weeklyLeaderboardNotifications","verb":"create","cancelRequested":false,"apiVersion":"v2","requestResource":{"@type":"type.googleapis.com/google.cloud.functions.v2.Function","name":"projects/purgo-1374e/locations/us-central1/functions/weeklyLeaderboardNotifications","buildConfig":{"runtime":"nodejs18","entryPoint":"weeklyLeaderboardNotifications","source":{"storageSource":{"bucket":"gcf-v2-sources-658074709437-us-central1","object":"weeklyLeaderboardNotifications/function-source.zip","generation":"1757283144992696"}},"environmentVariables":{"GOOGLE_NODE_RUN_SCRIPTS":""},"serviceAccount":"projects/purgo-1374e/serviceAccounts/658074709437-compute@developer.gserviceaccount.com","automaticUpdatePolicy":{}},"serviceConfig":{"service":"projects/purgo-1374e/locations/us-central1/services/weeklyleaderboardnotifications","timeoutSeconds":60,"environmentVariables":{"FIREBASE_CONFIG":"{\"projectId\":\"purgo-1374e\",\"storageBucket\":\"purgo-1374e.firebasestorage.app\"}","GCLOUD_PROJECT":"purgo-1374e","EVENTARC_CLOUD_EVENT_SOURCE":"projects/purgo-1374e/locations/us-central1/services/weeklyLeaderboardNotifications","FUNCTION_TARGET":"weeklyLeaderboardNotifications","LOG_EXECUTION_ID":"true"},"maxInstanceCount":10,"ingressSettings":"ALLOW_ALL","serviceAccountEmail":"658074709437-compute@developer.gserviceaccount.com","availableMemory":"256Mi","maxInstanceRequestConcurrency":80,"availableCpu":"1"},"labels":{"deployment-tool":"cli-firebase","deployment-scheduled":"true","firebase-functions-hash":"f74a2eea77621a28d54d70feb217efb4e08e81f7"},"environment":"GEN_2"},"stages":[{"name":"BUILD","message":"Build finished","state":"COMPLETE","resource":"projects/658074709437/locations/us-central1/builds/e28d601b-1ec5-4b6a-9ed0-59377e749109","resourceUri":"https://console.cloud.google.com/cloud-build/builds;region=us-central1/e28d601b-1ec5-4b6a-9ed0-59377e749109?project=658074709437"},{"name":"SERVICE","message":"Creating Cloud Run service","state":"COMPLETE","resource":"projects/purgo-1374e/locations/us-central1/services/weeklyleaderboardnotifications","resourceUri":"https://console.cloud.google.com/run/detail/us-central1/weeklyleaderboardnotifications?project=purgo-1374e"}],"sourceToken":"Cldwcm9qZWN0cy82NTgwNzQ3MDk0MzcvbG9jYXRpb25zL3VzLWNlbnRyYWwxL2J1aWxkcy9lMjhkNjAxYi0xZWM1LTRiNmEtOWVkMC01OTM3N2U3NDkxMDkSe3VzLWNlbnRyYWwxLWRvY2tlci5wa2cuZGV2L3B1cmdvLTEzNzRlL2djZi1hcnRpZmFjdHMvcHVyZ28tLTEzNzRlX191cy0tY2VudHJhbDFfX3dlZWtseV9sZWFkZXJib2FyZF9ub3RpZmljYXRpb25zOnZlcnNpb25fMRi927zCkxMiU3Byb2plY3RzL3B1cmdvLTEzNzRlL2xvY2F0aW9ucy91cy1jZW50cmFsMS9mdW5jdGlvbnMvd2Vla2x5TGVhZGVyYm9hcmROb3RpZmljYXRpb25zKgwIkof4xQYQkMbRzAMyCG5vZGVqczE4OnYKI2djci5pby9nYWUtcnVudGltZXMvbm9kZWpzMTg6c3RhYmxlEk91cy1jZW50cmFsMS1kb2NrZXIucGtnLmRldi9zZXJ2ZXJsZXNzLXJ1bnRpbWVzL2dvb2dsZS0yMi1mdWxsL3J1bnRpbWVzL25vZGVqczE4QAE=","operationType":"CREATE_FUNCTION","buildName":"projects/658074709437/locations/us-central1/builds/e28d601b-1ec5-4b6a-9ed0-59377e749109"},"done":true,"response":{"@type":"type.googleapis.com/google.cloud.functions.v2.Function","name":"projects/purgo-1374e/locations/us-central1/functions/weeklyLeaderboardNotifications","buildConfig":{"build":"projects/658074709437/locations/us-central1/builds/e28d601b-1ec5-4b6a-9ed0-59377e749109","runtime":"nodejs18","entryPoint":"weeklyLeaderboardNotifications","source":{"storageSource":{"bucket":"gcf-v2-sources-658074709437-us-central1","object":"weeklyLeaderboardNotifications/function-source.zip","generation":"1757283144992696"}},"environmentVariables":{"GOOGLE_NODE_RUN_SCRIPTS":""},"dockerRepository":"projects/purgo-1374e/locations/us-central1/repositories/gcf-artifacts","sourceProvenance":{"resolvedStorageSource":{"bucket":"gcf-v2-sources-658074709437-us-central1","object":"weeklyLeaderboardNotifications/function-source.zip","generation":"1757283144992696"}},"dockerRegistry":"ARTIFACT_REGISTRY","serviceAccount":"projects/purgo-1374e/serviceAccounts/658074709437-compute@developer.gserviceaccount.com","automaticUpdatePolicy":{}},"serviceConfig":{"service":"projects/purgo-1374e/locations/us-central1/services/weeklyleaderboardnotifications","timeoutSeconds":60,"environmentVariables":{"FIREBASE_CONFIG":"{\"projectId\":\"purgo-1374e\",\"storageBucket\":\"purgo-1374e.firebasestorage.app\"}","GCLOUD_PROJECT":"purgo-1374e","EVENTARC_CLOUD_EVENT_SOURCE":"projects/purgo-1374e/locations/us-central1/services/weeklyLeaderboardNotifications","FUNCTION_TARGET":"weeklyLeaderboardNotifications","LOG_EXECUTION_ID":"true"},"maxInstanceCount":10,"ingressSettings":"ALLOW_ALL","uri":"https://weeklyleaderboardnotifications-vk6d2cik4a-uc.a.run.app","serviceAccountEmail":"658074709437-compute@developer.gserviceaccount.com","availableMemory":"256Mi","allTrafficOnLatestRevision":true,"revision":"weeklyleaderboardnotifications-00001-xel","maxInstanceRequestConcurrency":80,"availableCpu":"1"},"state":"ACTIVE","updateTime":"2025-09-07T22:12:25.223652216Z","labels":{"deployment-tool":"cli-firebase","deployment-scheduled":"true","firebase-functions-hash":"f74a2eea77621a28d54d70feb217efb4e08e81f7"},"environment":"GEN_2","url":"https://us-central1-purgo-1374e.cloudfunctions.net/weeklyLeaderboardNotifications","createTime":"2025-09-07T22:12:25.223652216Z","satisfiesPzi":true}}
[debug] [2025-09-07T22:13:54.741Z] Got source token Cldwcm9qZWN0cy82NTgwNzQ3MDk0MzcvbG9jYXRpb25zL3VzLWNlbnRyYWwxL2J1aWxkcy9lMjhkNjAxYi0xZWM1LTRiNmEtOWVkMC01OTM3N2U3NDkxMDkSe3VzLWNlbnRyYWwxLWRvY2tlci5wa2cuZGV2L3B1cmdvLTEzNzRlL2djZi1hcnRpZmFjdHMvcHVyZ28tLTEzNzRlX191cy0tY2VudHJhbDFfX3dlZWtseV9sZWFkZXJib2FyZF9ub3RpZmljYXRpb25zOnZlcnNpb25fMRi927zCkxMiU3Byb2plY3RzL3B1cmdvLTEzNzRlL2xvY2F0aW9ucy91cy1jZW50cmFsMS9mdW5jdGlvbnMvd2Vla2x5TGVhZGVyYm9hcmROb3RpZmljYXRpb25zKgwIkof4xQYQkMbRzAMyCG5vZGVqczE4OnYKI2djci5pby9nYWUtcnVudGltZXMvbm9kZWpzMTg6c3RhYmxlEk91cy1jZW50cmFsMS1kb2NrZXIucGtnLmRldi9zZXJ2ZXJsZXNzLXJ1bnRpbWVzL2dvb2dsZS0yMi1mdWxsL3J1bnRpbWVzL25vZGVqczE4QAE= for region us-central1
[debug] [2025-09-07T22:13:54.741Z] Checked if tokens are valid: true, expires at: 1757285273645
[debug] [2025-09-07T22:13:54.741Z] Checked if tokens are valid: true, expires at: 1757285273645
[debug] [2025-09-07T22:13:54.741Z] >>> [apiv2][query] GET https://compute.googleapis.com/compute/v1/projects/658074709437 [none]
[debug] [2025-09-07T22:13:54.880Z] <<< [apiv2][status] GET https://compute.googleapis.com/compute/v1/projects/658074709437 403
[debug] [2025-09-07T22:13:54.880Z] <<< [apiv2][body] GET https://compute.googleapis.com/compute/v1/projects/658074709437 {"error":{"code":403,"message":"Compute Engine API has not been used in project 658074709437 before or it is disabled. Enable it by visiting https://console.developers.google.com/apis/api/compute.googleapis.com/overview?project=658074709437 then retry. If you enabled this API recently, wait a few minutes for the action to propagate to our systems and retry.","errors":[{"message":"Compute Engine API has not been used in project 658074709437 before or it is disabled. Enable it by visiting https://console.developers.google.com/apis/api/compute.googleapis.com/overview?project=658074709437 then retry. If you enabled this API recently, wait a few minutes for the action to propagate to our systems and retry.","domain":"usageLimits","reason":"accessNotConfigured","extendedHelp":"https://console.developers.google.com"}],"status":"PERMISSION_DENIED","details":[{"@type":"type.googleapis.com/google.rpc.ErrorInfo","reason":"SERVICE_DISABLED","domain":"googleapis.com","metadata":{"service":"compute.googleapis.com","consumer":"projects/658074709437","containerInfo":"658074709437","serviceTitle":"Compute Engine API","activationUrl":"https://console.developers.google.com/apis/api/compute.googleapis.com/overview?project=658074709437"}},{"@type":"type.googleapis.com/google.rpc.LocalizedMessage","locale":"en-US","message":"Compute Engine API has not been used in project 658074709437 before or it is disabled. Enable it by visiting https://console.developers.google.com/apis/api/compute.googleapis.com/overview?project=658074709437 then retry. If you enabled this API recently, wait a few minutes for the action to propagate to our systems and retry."},{"@type":"type.googleapis.com/google.rpc.Help","links":[{"description":"Google developers console API activation","url":"https://console.developers.google.com/apis/api/compute.googleapis.com/overview?project=658074709437"}]}]}}
[debug] [2025-09-07T22:13:54.881Z] unable to look up default compute service account. Falling back to 658074709437-compute@developer.gserviceaccount.com. Error: {"name":"FirebaseError","children":[],"context":{"body":{"error":{"code":403,"message":"Compute Engine API has not been used in project 658074709437 before or it is disabled. Enable it by visiting https://console.developers.google.com/apis/api/compute.googleapis.com/overview?project=658074709437 then retry. If you enabled this API recently, wait a few minutes for the action to propagate to our systems and retry.","errors":[{"message":"Compute Engine API has not been used in project 658074709437 before or it is disabled. Enable it by visiting https://console.developers.google.com/apis/api/compute.googleapis.com/overview?project=658074709437 then retry. If you enabled this API recently, wait a few minutes for the action to propagate to our systems and retry.","domain":"usageLimits","reason":"accessNotConfigured","extendedHelp":"https://console.developers.google.com"}],"status":"PERMISSION_DENIED","details":[{"@type":"type.googleapis.com/google.rpc.ErrorInfo","reason":"SERVICE_DISABLED","domain":"googleapis.com","metadata":{"service":"compute.googleapis.com","consumer":"projects/658074709437","containerInfo":"658074709437","serviceTitle":"Compute Engine API","activationUrl":"https://console.developers.google.com/apis/api/compute.googleapis.com/overview?project=658074709437"}},{"@type":"type.googleapis.com/google.rpc.LocalizedMessage","locale":"en-US","message":"Compute Engine API has not been used in project 658074709437 before or it is disabled. Enable it by visiting https://console.developers.google.com/apis/api/compute.googleapis.com/overview?project=658074709437 then retry. If you enabled this API recently, wait a few minutes for the action to propagate to our systems and retry."},{"@type":"type.googleapis.com/google.rpc.Help","links":[{"description":"Google developers console API activation","url":"https://console.developers.google.com/apis/api/compute.googleapis.com/overview?project=658074709437"}]}]}},"response":{"statusCode":403}},"exit":1,"message":"Request to https://compute.googleapis.com/compute/v1/projects/658074709437 had HTTP Error: 403, Compute Engine API has not been used in project 658074709437 before or it is disabled. Enable it by visiting https://console.developers.google.com/apis/api/compute.googleapis.com/overview?project=658074709437 then retry. If you enabled this API recently, wait a few minutes for the action to propagate to our systems and retry.","status":403}
[debug] [2025-09-07T22:13:54.882Z] Checked if tokens are valid: true, expires at: 1757285273645
[debug] [2025-09-07T22:13:54.882Z] Checked if tokens are valid: true, expires at: 1757285273645
[debug] [2025-09-07T22:13:54.882Z] >>> [apiv2][query] POST https://run.googleapis.com/v1/projects/purgo-1374e/locations/us-central1/services/weeklyleaderboardnotifications:setIamPolicy [none]
[debug] [2025-09-07T22:13:54.882Z] >>> [apiv2][body] POST https://run.googleapis.com/v1/projects/purgo-1374e/locations/us-central1/services/weeklyleaderboardnotifications:setIamPolicy {"policy":{"bindings":[{"role":"roles/run.invoker","members":["serviceAccount:658074709437-compute@developer.gserviceaccount.com"]}],"etag":"","version":3},"updateMask":"bindings,etag,version"}
[debug] [2025-09-07T22:13:55.426Z] <<< [apiv2][status] POST https://run.googleapis.com/v1/projects/purgo-1374e/locations/us-central1/services/weeklyleaderboardnotifications:setIamPolicy 200
[debug] [2025-09-07T22:13:55.427Z] <<< [apiv2][body] POST https://run.googleapis.com/v1/projects/purgo-1374e/locations/us-central1/services/weeklyleaderboardnotifications:setIamPolicy {"version":1,"etag":"BwY+PWMFK54=","bindings":[{"role":"roles/run.invoker","members":["serviceAccount:658074709437-compute@developer.gserviceaccount.com"]}]}
[debug] [2025-09-07T22:13:55.427Z] Checked if tokens are valid: true, expires at: 1757285273645
[debug] [2025-09-07T22:13:55.427Z] Checked if tokens are valid: true, expires at: 1757285273645
[debug] [2025-09-07T22:13:55.428Z] >>> [apiv2][query] GET https://compute.googleapis.com/compute/v1/projects/658074709437 [none]
[debug] [2025-09-07T22:13:55.531Z] <<< [apiv2][status] GET https://compute.googleapis.com/compute/v1/projects/658074709437 403
[debug] [2025-09-07T22:13:55.531Z] <<< [apiv2][body] GET https://compute.googleapis.com/compute/v1/projects/658074709437 {"error":{"code":403,"message":"Compute Engine API has not been used in project 658074709437 before or it is disabled. Enable it by visiting https://console.developers.google.com/apis/api/compute.googleapis.com/overview?project=658074709437 then retry. If you enabled this API recently, wait a few minutes for the action to propagate to our systems and retry.","errors":[{"message":"Compute Engine API has not been used in project 658074709437 before or it is disabled. Enable it by visiting https://console.developers.google.com/apis/api/compute.googleapis.com/overview?project=658074709437 then retry. If you enabled this API recently, wait a few minutes for the action to propagate to our systems and retry.","domain":"usageLimits","reason":"accessNotConfigured","extendedHelp":"https://console.developers.google.com"}],"status":"PERMISSION_DENIED","details":[{"@type":"type.googleapis.com/google.rpc.ErrorInfo","reason":"SERVICE_DISABLED","domain":"googleapis.com","metadata":{"service":"compute.googleapis.com","activationUrl":"https://console.developers.google.com/apis/api/compute.googleapis.com/overview?project=658074709437","containerInfo":"658074709437","consumer":"projects/658074709437","serviceTitle":"Compute Engine API"}},{"@type":"type.googleapis.com/google.rpc.LocalizedMessage","locale":"en-US","message":"Compute Engine API has not been used in project 658074709437 before or it is disabled. Enable it by visiting https://console.developers.google.com/apis/api/compute.googleapis.com/overview?project=658074709437 then retry. If you enabled this API recently, wait a few minutes for the action to propagate to our systems and retry."},{"@type":"type.googleapis.com/google.rpc.Help","links":[{"description":"Google developers console API activation","url":"https://console.developers.google.com/apis/api/compute.googleapis.com/overview?project=658074709437"}]}]}}
[debug] [2025-09-07T22:13:55.532Z] unable to look up default compute service account. Falling back to 658074709437-compute@developer.gserviceaccount.com. Error: {"name":"FirebaseError","children":[],"context":{"body":{"error":{"code":403,"message":"Compute Engine API has not been used in project 658074709437 before or it is disabled. Enable it by visiting https://console.developers.google.com/apis/api/compute.googleapis.com/overview?project=658074709437 then retry. If you enabled this API recently, wait a few minutes for the action to propagate to our systems and retry.","errors":[{"message":"Compute Engine API has not been used in project 658074709437 before or it is disabled. Enable it by visiting https://console.developers.google.com/apis/api/compute.googleapis.com/overview?project=658074709437 then retry. If you enabled this API recently, wait a few minutes for the action to propagate to our systems and retry.","domain":"usageLimits","reason":"accessNotConfigured","extendedHelp":"https://console.developers.google.com"}],"status":"PERMISSION_DENIED","details":[{"@type":"type.googleapis.com/google.rpc.ErrorInfo","reason":"SERVICE_DISABLED","domain":"googleapis.com","metadata":{"service":"compute.googleapis.com","activationUrl":"https://console.developers.google.com/apis/api/compute.googleapis.com/overview?project=658074709437","containerInfo":"658074709437","consumer":"projects/658074709437","serviceTitle":"Compute Engine API"}},{"@type":"type.googleapis.com/google.rpc.LocalizedMessage","locale":"en-US","message":"Compute Engine API has not been used in project 658074709437 before or it is disabled. Enable it by visiting https://console.developers.google.com/apis/api/compute.googleapis.com/overview?project=658074709437 then retry. If you enabled this API recently, wait a few minutes for the action to propagate to our systems and retry."},{"@type":"type.googleapis.com/google.rpc.Help","links":[{"description":"Google developers console API activation","url":"https://console.developers.google.com/apis/api/compute.googleapis.com/overview?project=658074709437"}]}]}},"response":{"statusCode":403}},"exit":1,"message":"Request to https://compute.googleapis.com/compute/v1/projects/658074709437 had HTTP Error: 403, Compute Engine API has not been used in project 658074709437 before or it is disabled. Enable it by visiting https://console.developers.google.com/apis/api/compute.googleapis.com/overview?project=658074709437 then retry. If you enabled this API recently, wait a few minutes for the action to propagate to our systems and retry.","status":403}
[debug] [2025-09-07T22:13:55.532Z] Checked if tokens are valid: true, expires at: 1757285273645
[debug] [2025-09-07T22:13:55.532Z] Checked if tokens are valid: true, expires at: 1757285273645
[debug] [2025-09-07T22:13:55.532Z] >>> [apiv2][query] GET https://cloudscheduler.googleapis.com/v1/projects/purgo-1374e/locations/us-central1/jobs/firebase-schedule-weeklyLeaderboardNotifications-us-central1 [none]
[debug] [2025-09-07T22:13:55.687Z] <<< [apiv2][status] GET https://cloudscheduler.googleapis.com/v1/projects/purgo-1374e/locations/us-central1/jobs/firebase-schedule-weeklyLeaderboardNotifications-us-central1 404
[debug] [2025-09-07T22:13:55.687Z] <<< [apiv2][body] GET https://cloudscheduler.googleapis.com/v1/projects/purgo-1374e/locations/us-central1/jobs/firebase-schedule-weeklyLeaderboardNotifications-us-central1 {"error":{"code":404,"message":"Job not found.","status":"NOT_FOUND"}}
[debug] [2025-09-07T22:13:55.688Z] Checked if tokens are valid: true, expires at: 1757285273645
[debug] [2025-09-07T22:13:55.688Z] Checked if tokens are valid: true, expires at: 1757285273645
[debug] [2025-09-07T22:13:55.688Z] >>> [apiv2][query] POST https://cloudscheduler.googleapis.com/v1/projects/purgo-1374e/locations/us-central1/jobs [none]
[debug] [2025-09-07T22:13:55.688Z] >>> [apiv2][body] POST https://cloudscheduler.googleapis.com/v1/projects/purgo-1374e/locations/us-central1/jobs {"timeZone":"UTC","name":"projects/purgo-1374e/locations/us-central1/jobs/firebase-schedule-weeklyLeaderboardNotifications-us-central1","httpTarget":{"uri":"https://us-central1-purgo-1374e.cloudfunctions.net/weeklyLeaderboardNotifications","httpMethod":"POST","oidcToken":{"serviceAccountEmail":"658074709437-compute@developer.gserviceaccount.com"}},"schedule":"0 0 * * 1"}
[debug] [2025-09-07T22:13:58.380Z] <<< [apiv2][status] POST https://cloudscheduler.googleapis.com/v1/projects/purgo-1374e/locations/us-central1/jobs 200
[debug] [2025-09-07T22:13:58.381Z] <<< [apiv2][body] POST https://cloudscheduler.googleapis.com/v1/projects/purgo-1374e/locations/us-central1/jobs {"name":"projects/purgo-1374e/locations/us-central1/jobs/firebase-schedule-weeklyLeaderboardNotifications-us-central1","httpTarget":{"uri":"https://us-central1-purgo-1374e.cloudfunctions.net/weeklyLeaderboardNotifications","httpMethod":"POST","headers":{"User-Agent":"Google-Cloud-Scheduler"},"oidcToken":{"serviceAccountEmail":"658074709437-compute@developer.gserviceaccount.com","audience":"https://us-central1-purgo-1374e.cloudfunctions.net/weeklyLeaderboardNotifications"}},"userUpdateTime":"2025-09-07T22:13:58Z","state":"ENABLED","schedule":"0 0 * * 1","timeZone":"UTC","attemptDeadline":"180s"}
[debug] [2025-09-07T22:13:58.381Z] created scheduler job firebase-schedule-weeklyLeaderboardNotifications-us-central1
[info] ✔  functions[weeklyLeaderboardNotifications(us-central1)] Successful create operation. 
[debug] [2025-09-07T22:13:58.392Z] Total Function Deployment time: 110293
[debug] [2025-09-07T22:13:58.392Z] 3 Functions Deployed
[debug] [2025-09-07T22:13:58.392Z] 1 Functions Errored
[debug] [2025-09-07T22:13:58.392Z] 0 Function Deployments Aborted
[debug] [2025-09-07T22:13:58.392Z] Average Function Deployment time: 76760
[info] 
[info] Functions deploy had errors with the following functions:
	sendNotification(us-central1)
[debug] [2025-09-07T22:13:58.498Z] Checked if tokens are valid: true, expires at: 1757285273645
[debug] [2025-09-07T22:13:58.498Z] Checked if tokens are valid: true, expires at: 1757285273645
[debug] [2025-09-07T22:13:58.499Z] >>> [apiv2][query] GET https://artifactregistry.googleapis.com/v1/projects/purgo-1374e/locations/us-central1/repositories/gcf-artifacts [none]
[debug] [2025-09-07T22:13:58.894Z] <<< [apiv2][status] GET https://artifactregistry.googleapis.com/v1/projects/purgo-1374e/locations/us-central1/repositories/gcf-artifacts 200
[debug] [2025-09-07T22:13:58.894Z] <<< [apiv2][body] GET https://artifactregistry.googleapis.com/v1/projects/purgo-1374e/locations/us-central1/repositories/gcf-artifacts {"name":"projects/purgo-1374e/locations/us-central1/repositories/gcf-artifacts","format":"DOCKER","description":"This repository is created and used by Cloud Functions for storing function docker images.","labels":{"goog-managed-by":"cloudfunctions"},"createTime":"2025-09-07T22:12:35.561139Z","updateTime":"2025-09-07T22:13:30.378865Z","mode":"STANDARD_REPOSITORY","sizeBytes":"85708422","vulnerabilityScanningConfig":{"lastEnableTime":"2025-09-07T22:12:25.396998565Z","enablementState":"SCANNING_DISABLED","enablementStateReason":"API containerscanning.googleapis.com is not enabled."},"satisfiesPzi":true,"registryUri":"us-central1-docker.pkg.dev/purgo-1374e/gcf-artifacts"}
[warn] ⚠  functions: No cleanup policy detected for repositories in us-central1. This may result in a small monthly bill as container images accumulate over time. 
[info] i  functions: Configuring cleanup policy for repository in us-central1. Images older than 1 days will be automatically deleted. 
[debug] [2025-09-07T22:14:43.006Z] Setting up artifact cleanup policy for region us-central1
[debug] [2025-09-07T22:14:43.007Z] Checked if tokens are valid: true, expires at: 1757285273645
[debug] [2025-09-07T22:14:43.007Z] Checked if tokens are valid: true, expires at: 1757285273645
[debug] [2025-09-07T22:14:43.007Z] >>> [apiv2][query] PATCH https://artifactregistry.googleapis.com/v1/projects/purgo-1374e/locations/us-central1/repositories/gcf-artifacts updateMask=name%2CcleanupPolicies%2CcleanupPolicyDryRun%2Clabels
[debug] [2025-09-07T22:14:43.007Z] >>> [apiv2][body] PATCH https://artifactregistry.googleapis.com/v1/projects/purgo-1374e/locations/us-central1/repositories/gcf-artifacts {"name":"projects/purgo-1374e/locations/us-central1/repositories/gcf-artifacts","cleanupPolicies":{"firebase-functions-cleanup":{"id":"firebase-functions-cleanup","condition":{"tagState":"ANY","olderThan":"86400s"},"action":"DELETE"}},"cleanupPolicyDryRun":false,"labels":{"goog-managed-by":"cloudfunctions"}}
[debug] [2025-09-07T22:14:43.424Z] <<< [apiv2][status] PATCH https://artifactregistry.googleapis.com/v1/projects/purgo-1374e/locations/us-central1/repositories/gcf-artifacts 200
[debug] [2025-09-07T22:14:43.425Z] <<< [apiv2][body] PATCH https://artifactregistry.googleapis.com/v1/projects/purgo-1374e/locations/us-central1/repositories/gcf-artifacts {"name":"projects/purgo-1374e/locations/us-central1/repositories/gcf-artifacts","format":"DOCKER","description":"This repository is created and used by Cloud Functions for storing function docker images.","labels":{"goog-managed-by":"cloudfunctions"},"createTime":"2025-09-07T22:12:35.561139Z","updateTime":"2025-09-07T22:14:43.444039Z","mode":"STANDARD_REPOSITORY","cleanupPolicies":{"firebase-functions-cleanup":{"id":"firebase-functions-cleanup","action":"DELETE","condition":{"tagState":"ANY","olderThan":"86400s"}}},"vulnerabilityScanningConfig":{"lastEnableTime":"2025-09-07T22:12:25.396998565Z","enablementState":"SCANNING_DISABLED","enablementStateReason":"API containerscanning.googleapis.com is not enabled."},"satisfiesPzi":true}
[info] i  functions: Configured cleanup policy for repository in us-central1. 
[debug] [2025-09-07T22:14:43.425Z] Functions deploy failed.
[debug] [2025-09-07T22:14:43.425Z] {
  "endpoint": {
    "id": "sendNotification",
    "project": "purgo-1374e",
    "region": "us-central1",
    "entryPoint": "sendNotification",
    "platform": "gcfv2",
    "runtime": "nodejs18",
    "eventTrigger": {
      "eventType": "google.cloud.firestore.document.v1.created",
      "retry": false,
      "eventFilters": {
        "database": "(default)",
        "namespace": "(default)"
      },
      "eventFilterPathPatterns": {
        "document": "notifications/{notificationId}"
      },
      "region": "nam5"
    },
    "labels": {
      "deployment-tool": "cli-firebase"
    },
    "serviceAccount": null,
    "ingressSettings": null,
    "availableMemoryMb": null,
    "timeoutSeconds": null,
    "maxInstances": 10,
    "minInstances": null,
    "concurrency": 80,
    "vpc": null,
    "environmentVariables": {
      "FIREBASE_CONFIG": "{\"projectId\":\"purgo-1374e\",\"storageBucket\":\"purgo-1374e.firebasestorage.app\"}",
      "GCLOUD_PROJECT": "purgo-1374e",
      "EVENTARC_CLOUD_EVENT_SOURCE": "projects/purgo-1374e/locations/us-central1/services/sendNotification"
    },
    "codebase": "default",
    "cpu": 1,
    "targetedByOnly": false,
    "hash": "f74a2eea77621a28d54d70feb217efb4e08e81f7"
  },
  "op": "create",
  "original": {
    "name": "FirebaseError",
    "children": [],
    "context": {
      "function": "projects/purgo-1374e/locations/us-central1/functions/sendNotification"
    },
    "exit": 1,
    "message": "Failed to create function projects/purgo-1374e/locations/us-central1/functions/sendNotification",
    "original": {
      "name": "FirebaseError",
      "children": [],
      "context": {
        "body": {
          "error": {
            "code": 400,
            "message": "Validation failed for trigger projects/purgo-1374e/locations/nam5/triggers/sendnotification-449324: Invalid resource state for \"\": Permission denied while using the Eventarc Service Agent. If you recently started to use Eventarc, it may take a few minutes before all necessary permissions are propagated to the Service Agent. Otherwise, verify that it has Eventarc Service Agent role.",
            "status": "FAILED_PRECONDITION"
          }
        },
        "response": {
          "statusCode": 400
        }
      },
      "exit": 1,
      "message": "Request to https://cloudfunctions.googleapis.com/v2/projects/purgo-1374e/locations/us-central1/functions?functionId=sendNotification had HTTP Error: 400, Validation failed for trigger projects/purgo-1374e/locations/nam5/triggers/sendnotification-449324: Invalid resource state for \"\": Permission denied while using the Eventarc Service Agent. If you recently started to use Eventarc, it may take a few minutes before all necessary permissions are propagated to the Service Agent. Otherwise, verify that it has Eventarc Service Agent role.",
      "status": 400
    },
    "status": 400,
    "code": 400
  }
}
[debug] [2025-09-07T22:14:43.514Z] Error: Failed to create function sendNotification in region us-central1
    at /usr/local/lib/node_modules/firebase-tools/lib/deploy/functions/release/fabricator.js:306:27
    at process.processTicksAndRejections (node:internal/process/task_queues:95:5)
    at async Fabricator.createV2Function (/usr/local/lib/node_modules/firebase-tools/lib/deploy/functions/release/fabricator.js:290:30)
    at async Fabricator.createEndpoint (/usr/local/lib/node_modules/firebase-tools/lib/deploy/functions/release/fabricator.js:137:13)
    at async handle (/usr/local/lib/node_modules/firebase-tools/lib/deploy/functions/release/fabricator.js:89:17)
[error] 
[error] Error: There was an error deploying functions
